,time,ev_load
0,2017-06-01 00:00:00,0.0
1,2017-06-01 00:15:00,0.0
2,2017-06-01 00:30:00,0.0
3,2017-06-01 00:45:00,0.0
4,2017-06-01 01:00:00,0.0
5,2017-06-01 01:15:00,0.0
6,2017-06-01 01:30:00,0.0
7,2017-06-01 01:45:00,0.0
8,2017-06-01 02:00:00,0.0
9,2017-06-01 02:15:00,0.0
10,2017-06-01 02:30:00,0.0
11,2017-06-01 02:45:00,0.0
12,2017-06-01 03:00:00,0.0
13,2017-06-01 03:15:00,0.0
14,2017-06-01 03:30:00,0.0
15,2017-06-01 03:45:00,0.0
16,2017-06-01 04:00:00,0.0
17,2017-06-01 04:15:00,0.0
18,2017-06-01 04:30:00,0.0
19,2017-06-01 04:45:00,0.0
20,2017-06-01 05:00:00,0.0
21,2017-06-01 05:15:00,0.0
22,2017-06-01 05:30:00,0.0
23,2017-06-01 05:45:00,0.0
24,2017-06-01 06:00:00,0.0
25,2017-06-01 06:15:00,0.0
26,2017-06-01 06:30:00,0.0
27,2017-06-01 06:45:00,0.0
28,2017-06-01 07:00:00,0.0
29,2017-06-01 07:15:00,0.0
30,2017-06-01 07:30:00,0.0
31,2017-06-01 07:45:00,0.0
32,2017-06-01 08:00:00,0.0
33,2017-06-01 08:15:00,0.0
34,2017-06-01 08:30:00,0.0
35,2017-06-01 08:45:00,0.0
36,2017-06-01 09:00:00,0.0
37,2017-06-01 09:15:00,0.0
38,2017-06-01 09:30:00,0.0
39,2017-06-01 09:45:00,0.0
40,2017-06-01 10:00:00,0.0
41,2017-06-01 10:15:00,0.0
42,2017-06-01 10:30:00,0.0
43,2017-06-01 10:45:00,0.0
44,2017-06-01 11:00:00,0.0
45,2017-06-01 11:15:00,0.0
46,2017-06-01 11:30:00,0.0
47,2017-06-01 11:45:00,0.0
48,2017-06-01 12:00:00,0.0
49,2017-06-01 12:15:00,0.0
50,2017-06-01 12:30:00,0.0
51,2017-06-01 12:45:00,0.0
52,2017-06-01 13:00:00,0.0
53,2017-06-01 13:15:00,0.0
54,2017-06-01 13:30:00,0.0
55,2017-06-01 13:45:00,0.0
56,2017-06-01 14:00:00,-11.0
57,2017-06-01 14:15:00,0.0
58,2017-06-01 14:30:00,3.7
59,2017-06-01 14:45:00,-7.4
60,2017-06-01 15:00:00,-7.4
61,2017-06-01 15:15:00,3.7
62,2017-06-01 15:30:00,3.7
63,2017-06-01 15:45:00,3.7
64,2017-06-01 16:00:00,-11.0
65,2017-06-01 16:15:00,3.7
66,2017-06-01 16:30:00,-7.4
67,2017-06-01 16:45:00,3.7
68,2017-06-01 17:00:00,7.4
69,2017-06-01 17:15:00,0.0
70,2017-06-01 17:30:00,0.0
71,2017-06-01 17:45:00,-7.4
72,2017-06-01 18:00:00,3.7
73,2017-06-01 18:15:00,-3.7
74,2017-06-01 18:30:00,7.3
75,2017-06-01 18:45:00,-14.7
76,2017-06-01 19:00:00,18.4
77,2017-06-01 19:15:00,0.0
78,2017-06-01 19:30:00,11.0
79,2017-06-01 19:45:00,0.0
80,2017-06-01 20:00:00,14.8
81,2017-06-01 20:15:00,3.7
82,2017-06-01 20:30:00,0.0
83,2017-06-01 20:45:00,-18.4
84,2017-06-01 21:00:00,7.4
85,2017-06-01 21:15:00,7.3
86,2017-06-01 21:30:00,11.0
87,2017-06-01 21:45:00,11.0
88,2017-06-01 22:00:00,-3.7
89,2017-06-01 22:15:00,-3.7
90,2017-06-01 22:30:00,3.7
91,2017-06-01 22:45:00,3.7
92,2017-06-01 23:00:00,-3.7
93,2017-06-01 23:15:00,-7.3
94,2017-06-01 23:30:00,-7.3
95,2017-06-01 23:45:00,-7.4
96,2017-06-02 00:00:00,-11.100000000000001
97,2017-06-02 00:15:00,-11.100000000000001
98,2017-06-02 00:30:00,3.7
99,2017-06-02 00:45:00,3.700000000000001
100,2017-06-02 01:00:00,22.1
101,2017-06-02 01:15:00,-3.5999999999999996
102,2017-06-02 01:30:00,11.0
103,2017-06-02 01:45:00,3.5999999999999996
104,2017-06-02 02:00:00,-11.100000000000001
105,2017-06-02 02:15:00,11.100000000000001
106,2017-06-02 02:30:00,-18.4
107,2017-06-02 02:45:00,3.7
108,2017-06-02 03:00:00,-14.8
109,2017-06-02 03:15:00,-11.100000000000001
110,2017-06-02 03:30:00,-3.7
111,2017-06-02 03:45:00,1.7763568394002505e-15
112,2017-06-02 04:00:00,7.3
113,2017-06-02 04:15:00,-0.10000000000000142
114,2017-06-02 04:30:00,3.700000000000001
115,2017-06-02 04:45:00,3.7
116,2017-06-02 05:00:00,-11.100000000000001
117,2017-06-02 05:15:00,3.7
118,2017-06-02 05:30:00,-14.8
119,2017-06-02 05:45:00,0.0
120,2017-06-02 06:00:00,-11.0
121,2017-06-02 06:15:00,-18.400000000000002
122,2017-06-02 06:30:00,-11.100000000000001
123,2017-06-02 06:45:00,-7.4
124,2017-06-02 07:00:00,-14.7
125,2017-06-02 07:15:00,-7.4
126,2017-06-02 07:30:00,11.0
127,2017-06-02 07:45:00,11.0
128,2017-06-02 08:00:00,3.7
129,2017-06-02 08:15:00,7.4
130,2017-06-02 08:30:00,7.3
131,2017-06-02 08:45:00,3.7
132,2017-06-02 09:00:00,14.7
133,2017-06-02 09:15:00,0.10000000000000053
134,2017-06-02 09:30:00,7.299999999999999
135,2017-06-02 09:45:00,22.1
136,2017-06-02 10:00:00,3.7
137,2017-06-02 10:15:00,18.5
138,2017-06-02 10:30:00,7.3
139,2017-06-02 10:45:00,-3.700000000000001
140,2017-06-02 11:00:00,-3.7
141,2017-06-02 11:15:00,-18.4
142,2017-06-02 11:30:00,-11.0
143,2017-06-02 11:45:00,-11.0
144,2017-06-02 12:00:00,0.0
145,2017-06-02 12:15:00,0.0
146,2017-06-02 12:30:00,-11.0
147,2017-06-02 12:45:00,3.7
148,2017-06-02 13:00:00,3.7
149,2017-06-02 13:15:00,-7.3
150,2017-06-02 13:30:00,-7.3
151,2017-06-02 13:45:00,3.5999999999999996
152,2017-06-02 14:00:00,-22.0
153,2017-06-02 14:15:00,18.4
154,2017-06-02 14:30:00,-14.7
155,2017-06-02 14:45:00,8.881784197001252e-16
156,2017-06-02 15:00:00,-7.299999999999998
157,2017-06-02 15:15:00,11.0
158,2017-06-02 15:30:00,22.200000000000003
159,2017-06-02 15:45:00,18.4
160,2017-06-02 16:00:00,11.0
161,2017-06-02 16:15:00,11.100000000000001
162,2017-06-02 16:30:00,-3.5999999999999996
163,2017-06-02 16:45:00,-3.700000000000001
164,2017-06-02 17:00:00,-3.7
165,2017-06-02 17:15:00,11.100000000000001
166,2017-06-02 17:30:00,11.100000000000001
167,2017-06-02 17:45:00,55.0
168,2017-06-02 18:00:00,-11.100000000000001
169,2017-06-02 18:15:00,-33.1
170,2017-06-02 18:30:00,-29.400000000000002
171,2017-06-02 18:45:00,-29.4
172,2017-06-02 19:00:00,-22.099999999999998
173,2017-06-02 19:15:00,11.200000000000003
174,2017-06-02 19:30:00,-3.7
175,2017-06-02 19:45:00,18.3
176,2017-06-02 20:00:00,-7.3
177,2017-06-02 20:15:00,0.0
178,2017-06-02 20:30:00,3.700000000000001
179,2017-06-02 20:45:00,22.1
180,2017-06-02 21:00:00,-3.6999999999999993
181,2017-06-02 21:15:00,3.700000000000001
182,2017-06-02 21:30:00,29.4
183,2017-06-02 21:45:00,-11.100000000000001
184,2017-06-02 22:00:00,7.4
185,2017-06-02 22:15:00,18.4
186,2017-06-02 22:30:00,14.8
187,2017-06-02 22:45:00,3.7
188,2017-06-02 23:00:00,14.7
189,2017-06-02 23:15:00,0.0
190,2017-06-02 23:30:00,11.100000000000001
191,2017-06-02 23:45:00,-3.8000000000000007
192,2017-06-03 00:00:00,-7.4
193,2017-06-03 00:15:00,3.5999999999999996
194,2017-06-03 00:30:00,14.7
195,2017-06-03 00:45:00,29.4
196,2017-06-03 01:00:00,-14.7
197,2017-06-03 01:15:00,-7.4
198,2017-06-03 01:30:00,-18.5
199,2017-06-03 01:45:00,-22.099999999999998
200,2017-06-03 02:00:00,11.100000000000001
201,2017-06-03 02:15:00,-7.4
202,2017-06-03 02:30:00,-7.3
203,2017-06-03 02:45:00,18.5
204,2017-06-03 03:00:00,-7.300000000000001
205,2017-06-03 03:15:00,-3.7
206,2017-06-03 03:30:00,-25.7
207,2017-06-03 03:45:00,-7.3
208,2017-06-03 04:00:00,3.7
209,2017-06-03 04:15:00,25.8
210,2017-06-03 04:30:00,3.7
211,2017-06-03 04:45:00,-11.0
212,2017-06-03 05:00:00,-3.7
213,2017-06-03 05:15:00,-3.6000000000000014
214,2017-06-03 05:30:00,25.8
215,2017-06-03 05:45:00,0.0
216,2017-06-03 06:00:00,11.0
217,2017-06-03 06:15:00,-7.4
218,2017-06-03 06:30:00,3.7
219,2017-06-03 06:45:00,0.0
220,2017-06-03 07:00:00,0.0
221,2017-06-03 07:15:00,0.0
222,2017-06-03 07:30:00,0.0
223,2017-06-03 07:45:00,3.7
224,2017-06-03 08:00:00,3.7
225,2017-06-03 08:15:00,7.4
226,2017-06-03 08:30:00,-3.7
227,2017-06-03 08:45:00,-7.4
228,2017-06-03 09:00:00,7.4
229,2017-06-03 09:15:00,0.0
230,2017-06-03 09:30:00,-3.5999999999999996
231,2017-06-03 09:45:00,3.7
232,2017-06-03 10:00:00,-14.8
233,2017-06-03 10:15:00,18.4
234,2017-06-03 10:30:00,-7.4
235,2017-06-03 10:45:00,-14.8
236,2017-06-03 11:00:00,0.0
237,2017-06-03 11:15:00,3.7
238,2017-06-03 11:30:00,3.7
239,2017-06-03 11:45:00,3.7
240,2017-06-03 12:00:00,3.7
241,2017-06-03 12:15:00,22.0
242,2017-06-03 12:30:00,0.0
243,2017-06-03 12:45:00,14.7
244,2017-06-03 13:00:00,-18.4
245,2017-06-03 13:15:00,-14.7
246,2017-06-03 13:30:00,-7.4
247,2017-06-03 13:45:00,-7.4
248,2017-06-03 14:00:00,7.4
249,2017-06-03 14:15:00,0.0
250,2017-06-03 14:30:00,0.0
251,2017-06-03 14:45:00,-10.999999999999998
252,2017-06-03 15:00:00,11.100000000000001
253,2017-06-03 15:15:00,11.0
254,2017-06-03 15:30:00,7.4
255,2017-06-03 15:45:00,11.100000000000001
256,2017-06-03 16:00:00,-3.7
257,2017-06-03 16:15:00,11.0
258,2017-06-03 16:30:00,14.8
259,2017-06-03 16:45:00,3.5999999999999996
260,2017-06-03 17:00:00,3.5999999999999996
261,2017-06-03 17:15:00,7.4
262,2017-06-03 17:30:00,-11.100000000000001
263,2017-06-03 17:45:00,0.0
264,2017-06-03 18:00:00,0.0
265,2017-06-03 18:15:00,3.5999999999999996
266,2017-06-03 18:30:00,7.4
267,2017-06-03 18:45:00,-11.100000000000001
268,2017-06-03 19:00:00,-3.5999999999999996
269,2017-06-03 19:15:00,-14.8
270,2017-06-03 19:30:00,-3.6999999999999993
271,2017-06-03 19:45:00,3.7
272,2017-06-03 20:00:00,3.7
273,2017-06-03 20:15:00,-7.400000000000001
274,2017-06-03 20:30:00,-11.0
275,2017-06-03 20:45:00,0.0
276,2017-06-03 21:00:00,3.7
277,2017-06-03 21:15:00,-7.4
278,2017-06-03 21:30:00,-3.7
279,2017-06-03 21:45:00,3.7
280,2017-06-03 22:00:00,-3.7
281,2017-06-03 22:15:00,11.0
282,2017-06-03 22:30:00,3.7
283,2017-06-03 22:45:00,7.4
284,2017-06-03 23:00:00,0.0
285,2017-06-03 23:15:00,0.0
286,2017-06-03 23:30:00,7.4
287,2017-06-03 23:45:00,11.100000000000001
288,2017-06-04 00:00:00,-11.100000000000001
289,2017-06-04 00:15:00,11.0
290,2017-06-04 00:30:00,-7.4
291,2017-06-04 00:45:00,0.0
292,2017-06-04 01:00:00,0.0
293,2017-06-04 01:15:00,3.7
294,2017-06-04 01:30:00,3.7
295,2017-06-04 01:45:00,0.0
296,2017-06-04 02:00:00,0.0
297,2017-06-04 02:15:00,-7.4
298,2017-06-04 02:30:00,0.0
299,2017-06-04 02:45:00,3.7
300,2017-06-04 03:00:00,0.0
301,2017-06-04 03:15:00,0.0
302,2017-06-04 03:30:00,0.0
303,2017-06-04 03:45:00,0.0
304,2017-06-04 04:00:00,0.0
305,2017-06-04 04:15:00,0.0
306,2017-06-04 04:30:00,0.0
307,2017-06-04 04:45:00,0.0
308,2017-06-04 05:00:00,0.0
309,2017-06-04 05:15:00,0.0
310,2017-06-04 05:30:00,0.0
311,2017-06-04 05:45:00,0.0
312,2017-06-04 06:00:00,0.0
313,2017-06-04 06:15:00,0.0
314,2017-06-04 06:30:00,0.0
315,2017-06-04 06:45:00,0.0
316,2017-06-04 07:00:00,0.0
317,2017-06-04 07:15:00,0.0
318,2017-06-04 07:30:00,0.0
319,2017-06-04 07:45:00,0.0
320,2017-06-04 08:00:00,0.0
321,2017-06-04 08:15:00,0.0
322,2017-06-04 08:30:00,0.0
323,2017-06-04 08:45:00,0.0
324,2017-06-04 09:00:00,0.0
325,2017-06-04 09:15:00,0.0
326,2017-06-04 09:30:00,0.0
327,2017-06-04 09:45:00,0.0
328,2017-06-04 10:00:00,0.0
329,2017-06-04 10:15:00,0.0
330,2017-06-04 10:30:00,0.0
331,2017-06-04 10:45:00,0.0
332,2017-06-04 11:00:00,0.0
333,2017-06-04 11:15:00,0.0
334,2017-06-04 11:30:00,0.0
335,2017-06-04 11:45:00,0.0
336,2017-06-04 12:00:00,0.0
337,2017-06-04 12:15:00,0.0
338,2017-06-04 12:30:00,0.0
339,2017-06-04 12:45:00,0.0
340,2017-06-04 13:00:00,0.0
341,2017-06-04 13:15:00,0.0
342,2017-06-04 13:30:00,0.0
343,2017-06-04 13:45:00,0.0
344,2017-06-04 14:00:00,0.0
345,2017-06-04 14:15:00,0.0
346,2017-06-04 14:30:00,0.0
347,2017-06-04 14:45:00,0.0
348,2017-06-04 15:00:00,0.0
349,2017-06-04 15:15:00,7.4
350,2017-06-04 15:30:00,7.4
351,2017-06-04 15:45:00,7.4
352,2017-06-04 16:00:00,7.4
353,2017-06-04 16:15:00,7.4
354,2017-06-04 16:30:00,3.7
355,2017-06-04 16:45:00,0.0
356,2017-06-04 17:00:00,-3.7
357,2017-06-04 17:15:00,7.4
358,2017-06-04 17:30:00,-11.0
359,2017-06-04 17:45:00,-7.4
360,2017-06-04 18:00:00,11.0
361,2017-06-04 18:15:00,-3.7
362,2017-06-04 18:30:00,-7.4
363,2017-06-04 18:45:00,0.0
364,2017-06-04 19:00:00,3.7
365,2017-06-04 19:15:00,-3.7
366,2017-06-04 19:30:00,-7.4
367,2017-06-04 19:45:00,0.0
368,2017-06-04 20:00:00,7.4
369,2017-06-04 20:15:00,11.0
370,2017-06-04 20:30:00,0.0
371,2017-06-04 20:45:00,0.0
372,2017-06-04 21:00:00,7.4
373,2017-06-04 21:15:00,0.0
374,2017-06-04 21:30:00,-7.4
375,2017-06-04 21:45:00,-7.4
376,2017-06-04 22:00:00,11.0
377,2017-06-04 22:15:00,-3.7
378,2017-06-04 22:30:00,11.0
379,2017-06-04 22:45:00,-3.7
380,2017-06-04 23:00:00,11.0
381,2017-06-04 23:15:00,0.0
382,2017-06-04 23:30:00,0.0
383,2017-06-04 23:45:00,0.0
384,2017-06-05 00:00:00,7.4
385,2017-06-05 00:15:00,-7.4
386,2017-06-05 00:30:00,-7.4
387,2017-06-05 00:45:00,-11.0
388,2017-06-05 01:00:00,0.0
389,2017-06-05 01:15:00,-3.7
390,2017-06-05 01:30:00,-11.0
391,2017-06-05 01:45:00,-11.0
392,2017-06-05 02:00:00,0.0
393,2017-06-05 02:15:00,-3.7
394,2017-06-05 02:30:00,0.0
395,2017-06-05 02:45:00,0.0
396,2017-06-05 03:00:00,7.4
397,2017-06-05 03:15:00,-7.4
398,2017-06-05 03:30:00,7.4
399,2017-06-05 03:45:00,11.0
400,2017-06-05 04:00:00,0.0
401,2017-06-05 04:15:00,0.0
402,2017-06-05 04:30:00,-7.4
403,2017-06-05 04:45:00,7.4
404,2017-06-05 05:00:00,-7.4
405,2017-06-05 05:15:00,0.0
406,2017-06-05 05:30:00,-7.4
407,2017-06-05 05:45:00,0.0
408,2017-06-05 06:00:00,0.0
409,2017-06-05 06:15:00,0.0
410,2017-06-05 06:30:00,0.0
411,2017-06-05 06:45:00,0.0
412,2017-06-05 07:00:00,0.0
413,2017-06-05 07:15:00,0.0
414,2017-06-05 07:30:00,0.0
415,2017-06-05 07:45:00,0.0
416,2017-06-05 08:00:00,0.0
417,2017-06-05 08:15:00,0.0
418,2017-06-05 08:30:00,0.0
419,2017-06-05 08:45:00,0.0
420,2017-06-05 09:00:00,0.0
421,2017-06-05 09:15:00,0.0
422,2017-06-05 09:30:00,0.0
423,2017-06-05 09:45:00,0.0
424,2017-06-05 10:00:00,0.0
425,2017-06-05 10:15:00,0.0
426,2017-06-05 10:30:00,0.0
427,2017-06-05 10:45:00,0.0
428,2017-06-05 11:00:00,0.0
429,2017-06-05 11:15:00,0.0
430,2017-06-05 11:30:00,0.0
431,2017-06-05 11:45:00,0.0
432,2017-06-05 12:00:00,0.0
433,2017-06-05 12:15:00,0.0
434,2017-06-05 12:30:00,0.0
435,2017-06-05 12:45:00,11.0
436,2017-06-05 13:00:00,-3.7
437,2017-06-05 13:15:00,0.0
438,2017-06-05 13:30:00,3.7
439,2017-06-05 13:45:00,7.4
440,2017-06-05 14:00:00,11.100000000000001
441,2017-06-05 14:15:00,25.8
442,2017-06-05 14:30:00,0.0
443,2017-06-05 14:45:00,0.0
444,2017-06-05 15:00:00,-3.7
445,2017-06-05 15:15:00,11.0
446,2017-06-05 15:30:00,-7.4
447,2017-06-05 15:45:00,-3.6999999999999993
448,2017-06-05 16:00:00,3.7
449,2017-06-05 16:15:00,11.0
450,2017-06-05 16:30:00,7.4
451,2017-06-05 16:45:00,22.200000000000003
452,2017-06-05 17:00:00,18.5
453,2017-06-05 17:15:00,-3.5999999999999996
454,2017-06-05 17:30:00,-14.8
455,2017-06-05 17:45:00,14.7
456,2017-06-05 18:00:00,3.5999999999999996
457,2017-06-05 18:15:00,18.5
458,2017-06-05 18:30:00,7.4
459,2017-06-05 18:45:00,7.4
460,2017-06-05 19:00:00,-7.4
461,2017-06-05 19:15:00,-7.3
462,2017-06-05 19:30:00,3.7
463,2017-06-05 19:45:00,-11.100000000000001
464,2017-06-05 20:00:00,18.3
465,2017-06-05 20:15:00,22.1
466,2017-06-05 20:30:00,-11.0
467,2017-06-05 20:45:00,14.8
468,2017-06-05 21:00:00,-3.5999999999999996
469,2017-06-05 21:15:00,-18.4
470,2017-06-05 21:30:00,-3.5999999999999996
471,2017-06-05 21:45:00,11.100000000000001
472,2017-06-05 22:00:00,14.8
473,2017-06-05 22:15:00,0.0
474,2017-06-05 22:30:00,-25.8
475,2017-06-05 22:45:00,18.4
476,2017-06-05 23:00:00,22.1
477,2017-06-05 23:15:00,-3.7
478,2017-06-05 23:30:00,-18.4
479,2017-06-05 23:45:00,-22.1
480,2017-06-06 00:00:00,7.4
481,2017-06-06 00:15:00,-14.8
482,2017-06-06 00:30:00,-3.5999999999999996
483,2017-06-06 00:45:00,-7.400000000000001
484,2017-06-06 01:00:00,-11.0
485,2017-06-06 01:15:00,0.0
486,2017-06-06 01:30:00,-7.4
487,2017-06-06 01:45:00,14.7
488,2017-06-06 02:00:00,11.100000000000001
489,2017-06-06 02:15:00,-7.3
490,2017-06-06 02:30:00,3.5999999999999996
491,2017-06-06 02:45:00,25.799999999999997
492,2017-06-06 03:00:00,0.0
493,2017-06-06 03:15:00,22.200000000000003
494,2017-06-06 03:30:00,-7.3
495,2017-06-06 03:45:00,3.7
496,2017-06-06 04:00:00,-7.4
497,2017-06-06 04:15:00,18.4
498,2017-06-06 04:30:00,18.4
499,2017-06-06 04:45:00,-11.100000000000001
500,2017-06-06 05:00:00,3.7
501,2017-06-06 05:15:00,22.0
502,2017-06-06 05:30:00,-11.100000000000001
503,2017-06-06 05:45:00,-7.4
504,2017-06-06 06:00:00,14.8
505,2017-06-06 06:15:00,0.0
506,2017-06-06 06:30:00,14.7
507,2017-06-06 06:45:00,0.0
508,2017-06-06 07:00:00,-7.4
509,2017-06-06 07:15:00,0.0
510,2017-06-06 07:30:00,-11.0
511,2017-06-06 07:45:00,0.0
512,2017-06-06 08:00:00,0.0
513,2017-06-06 08:15:00,0.0
514,2017-06-06 08:30:00,0.0
515,2017-06-06 08:45:00,0.0
516,2017-06-06 09:00:00,0.0
517,2017-06-06 09:15:00,0.0
518,2017-06-06 09:30:00,0.0
519,2017-06-06 09:45:00,0.0
520,2017-06-06 10:00:00,0.0
521,2017-06-06 10:15:00,0.0
522,2017-06-06 10:30:00,0.0
523,2017-06-06 10:45:00,0.0
524,2017-06-06 11:00:00,0.0
525,2017-06-06 11:15:00,0.0
526,2017-06-06 11:30:00,0.0
527,2017-06-06 11:45:00,0.0
528,2017-06-06 12:00:00,0.0
529,2017-06-06 12:15:00,0.0
530,2017-06-06 12:30:00,0.0
531,2017-06-06 12:45:00,0.0
532,2017-06-06 13:00:00,0.0
533,2017-06-06 13:15:00,0.0
534,2017-06-06 13:30:00,0.0
535,2017-06-06 13:45:00,0.0
536,2017-06-06 14:00:00,0.0
537,2017-06-06 14:15:00,0.0
538,2017-06-06 14:30:00,0.0
539,2017-06-06 14:45:00,0.0
540,2017-06-06 15:00:00,0.0
541,2017-06-06 15:15:00,0.0
542,2017-06-06 15:30:00,0.0
543,2017-06-06 15:45:00,0.0
544,2017-06-06 16:00:00,0.0
545,2017-06-06 16:15:00,0.0
546,2017-06-06 16:30:00,0.0
547,2017-06-06 16:45:00,0.0
548,2017-06-06 17:00:00,0.0
549,2017-06-06 17:15:00,0.0
550,2017-06-06 17:30:00,0.0
551,2017-06-06 17:45:00,0.0
552,2017-06-06 18:00:00,0.0
553,2017-06-06 18:15:00,0.0
554,2017-06-06 18:30:00,0.0
555,2017-06-06 18:45:00,0.0
556,2017-06-06 19:00:00,0.0
557,2017-06-06 19:15:00,0.0
558,2017-06-06 19:30:00,0.0
559,2017-06-06 19:45:00,0.0
560,2017-06-06 20:00:00,0.0
561,2017-06-06 20:15:00,0.0
562,2017-06-06 20:30:00,0.0
563,2017-06-06 20:45:00,0.0
564,2017-06-06 21:00:00,0.0
565,2017-06-06 21:15:00,0.0
566,2017-06-06 21:30:00,0.0
567,2017-06-06 21:45:00,0.0
568,2017-06-06 22:00:00,0.0
569,2017-06-06 22:15:00,0.0
570,2017-06-06 22:30:00,0.0
571,2017-06-06 22:45:00,0.0
572,2017-06-06 23:00:00,0.0
573,2017-06-06 23:15:00,0.0
574,2017-06-06 23:30:00,0.0
575,2017-06-06 23:45:00,0.0
576,2017-06-07 00:00:00,0.0
577,2017-06-07 00:15:00,0.0
578,2017-06-07 00:30:00,0.0
579,2017-06-07 00:45:00,0.0
580,2017-06-07 01:00:00,0.0
581,2017-06-07 01:15:00,0.0
582,2017-06-07 01:30:00,0.0
583,2017-06-07 01:45:00,0.0
584,2017-06-07 02:00:00,0.0
585,2017-06-07 02:15:00,0.0
586,2017-06-07 02:30:00,0.0
587,2017-06-07 02:45:00,0.0
588,2017-06-07 03:00:00,0.0
589,2017-06-07 03:15:00,0.0
590,2017-06-07 03:30:00,0.0
591,2017-06-07 03:45:00,0.0
592,2017-06-07 04:00:00,0.0
593,2017-06-07 04:15:00,0.0
594,2017-06-07 04:30:00,0.0
595,2017-06-07 04:45:00,0.0
596,2017-06-07 05:00:00,0.0
597,2017-06-07 05:15:00,0.0
598,2017-06-07 05:30:00,0.0
599,2017-06-07 05:45:00,0.0
600,2017-06-07 06:00:00,0.0
601,2017-06-07 06:15:00,0.0
602,2017-06-07 06:30:00,0.0
603,2017-06-07 06:45:00,0.0
604,2017-06-07 07:00:00,0.0
605,2017-06-07 07:15:00,0.0
606,2017-06-07 07:30:00,0.0
607,2017-06-07 07:45:00,0.0
608,2017-06-07 08:00:00,0.0
609,2017-06-07 08:15:00,0.0
610,2017-06-07 08:30:00,0.0
611,2017-06-07 08:45:00,0.0
612,2017-06-07 09:00:00,0.0
613,2017-06-07 09:15:00,0.0
614,2017-06-07 09:30:00,0.0
615,2017-06-07 09:45:00,0.0
616,2017-06-07 10:00:00,0.0
617,2017-06-07 10:15:00,0.0
618,2017-06-07 10:30:00,0.0
619,2017-06-07 10:45:00,0.0
620,2017-06-07 11:00:00,0.0
621,2017-06-07 11:15:00,0.0
622,2017-06-07 11:30:00,0.0
623,2017-06-07 11:45:00,0.0
624,2017-06-07 12:00:00,0.0
625,2017-06-07 12:15:00,0.0
626,2017-06-07 12:30:00,0.0
627,2017-06-07 12:45:00,0.0
628,2017-06-07 13:00:00,0.0
629,2017-06-07 13:15:00,0.0
630,2017-06-07 13:30:00,0.0
631,2017-06-07 13:45:00,-11.0
632,2017-06-07 14:00:00,-7.4
633,2017-06-07 14:15:00,-11.0
634,2017-06-07 14:30:00,0.0
635,2017-06-07 14:45:00,-3.7
636,2017-06-07 15:00:00,0.0
637,2017-06-07 15:15:00,-3.5999999999999996
638,2017-06-07 15:30:00,-14.7
639,2017-06-07 15:45:00,11.0
640,2017-06-07 16:00:00,3.7
641,2017-06-07 16:15:00,7.4
642,2017-06-07 16:30:00,3.7
643,2017-06-07 16:45:00,-3.5999999999999996
644,2017-06-07 17:00:00,-3.7
645,2017-06-07 17:15:00,14.7
646,2017-06-07 17:30:00,0.0
647,2017-06-07 17:45:00,-3.7
648,2017-06-07 18:00:00,-3.7
649,2017-06-07 18:15:00,3.5999999999999996
650,2017-06-07 18:30:00,0.0
651,2017-06-07 18:45:00,11.0
652,2017-06-07 19:00:00,7.4
653,2017-06-07 19:15:00,11.0
654,2017-06-07 19:30:00,-3.7
655,2017-06-07 19:45:00,7.4
656,2017-06-07 20:00:00,7.3
657,2017-06-07 20:15:00,7.3
658,2017-06-07 20:30:00,3.7
659,2017-06-07 20:45:00,-3.5999999999999996
660,2017-06-07 21:00:00,3.7
661,2017-06-07 21:15:00,7.3
662,2017-06-07 21:30:00,11.0
663,2017-06-07 21:45:00,0.0
664,2017-06-07 22:00:00,0.0
665,2017-06-07 22:15:00,7.4
666,2017-06-07 22:30:00,-11.0
667,2017-06-07 22:45:00,11.0
668,2017-06-07 23:00:00,-3.5999999999999996
669,2017-06-07 23:15:00,14.8
670,2017-06-07 23:30:00,11.0
671,2017-06-07 23:45:00,7.299999999999999
672,2017-06-08 00:00:00,3.5999999999999996
673,2017-06-08 00:15:00,-11.100000000000001
674,2017-06-08 00:30:00,-3.7
675,2017-06-08 00:45:00,-3.7
676,2017-06-08 01:00:00,11.100000000000001
677,2017-06-08 01:15:00,3.5999999999999996
678,2017-06-08 01:30:00,-3.7
679,2017-06-08 01:45:00,0.0
680,2017-06-08 02:00:00,-3.5999999999999996
681,2017-06-08 02:15:00,-11.0
682,2017-06-08 02:30:00,-14.7
683,2017-06-08 02:45:00,7.3
684,2017-06-08 03:00:00,-22.1
685,2017-06-08 03:15:00,-7.4
686,2017-06-08 03:30:00,-11.0
687,2017-06-08 03:45:00,-3.7
688,2017-06-08 04:00:00,3.7
689,2017-06-08 04:15:00,-7.4
690,2017-06-08 04:30:00,0.0
691,2017-06-08 04:45:00,-11.0
692,2017-06-08 05:00:00,0.0
693,2017-06-08 05:15:00,3.7
694,2017-06-08 05:30:00,0.0
695,2017-06-08 05:45:00,-7.4
696,2017-06-08 06:00:00,-7.4
697,2017-06-08 06:15:00,7.4
698,2017-06-08 06:30:00,11.0
699,2017-06-08 06:45:00,-3.7
700,2017-06-08 07:00:00,11.0
701,2017-06-08 07:15:00,-7.3
702,2017-06-08 07:30:00,-14.7
703,2017-06-08 07:45:00,-7.4
704,2017-06-08 08:00:00,-18.4
705,2017-06-08 08:15:00,0.0
706,2017-06-08 08:30:00,0.0
707,2017-06-08 08:45:00,-11.0
708,2017-06-08 09:00:00,-7.4
709,2017-06-08 09:15:00,-7.3
710,2017-06-08 09:30:00,-3.5999999999999996
711,2017-06-08 09:45:00,7.4
712,2017-06-08 10:00:00,-11.0
713,2017-06-08 10:15:00,-7.4
714,2017-06-08 10:30:00,0.0
715,2017-06-08 10:45:00,-7.4
716,2017-06-08 11:00:00,11.0
717,2017-06-08 11:15:00,0.0
718,2017-06-08 11:30:00,0.0
719,2017-06-08 11:45:00,-7.4
720,2017-06-08 12:00:00,7.4
721,2017-06-08 12:15:00,-7.4
722,2017-06-08 12:30:00,3.7
723,2017-06-08 12:45:00,3.7
724,2017-06-08 13:00:00,0.0
725,2017-06-08 13:15:00,0.0
726,2017-06-08 13:30:00,-7.4
727,2017-06-08 13:45:00,-11.0
728,2017-06-08 14:00:00,0.0
729,2017-06-08 14:15:00,11.0
730,2017-06-08 14:30:00,-7.4
731,2017-06-08 14:45:00,7.4
732,2017-06-08 15:00:00,-7.4
733,2017-06-08 15:15:00,0.0
734,2017-06-08 15:30:00,7.4
735,2017-06-08 15:45:00,-3.7
736,2017-06-08 16:00:00,0.0
737,2017-06-08 16:15:00,7.4
738,2017-06-08 16:30:00,0.0
739,2017-06-08 16:45:00,3.7
740,2017-06-08 17:00:00,-3.7
741,2017-06-08 17:15:00,-11.0
742,2017-06-08 17:30:00,11.0
743,2017-06-08 17:45:00,-22.0
744,2017-06-08 18:00:00,11.100000000000001
745,2017-06-08 18:15:00,-3.5999999999999996
746,2017-06-08 18:30:00,14.7
747,2017-06-08 18:45:00,7.3
748,2017-06-08 19:00:00,0.0
749,2017-06-08 19:15:00,-18.4
750,2017-06-08 19:30:00,-3.700000000000001
751,2017-06-08 19:45:00,-3.7
752,2017-06-08 20:00:00,11.0
753,2017-06-08 20:15:00,7.4
754,2017-06-08 20:30:00,-14.8
755,2017-06-08 20:45:00,18.4
756,2017-06-08 21:00:00,-3.7
757,2017-06-08 21:15:00,11.0
758,2017-06-08 21:30:00,11.0
759,2017-06-08 21:45:00,-11.100000000000001
760,2017-06-08 22:00:00,-11.100000000000001
761,2017-06-08 22:15:00,3.7
762,2017-06-08 22:30:00,-7.4
763,2017-06-08 22:45:00,-7.3
764,2017-06-08 23:00:00,11.100000000000001
765,2017-06-08 23:15:00,18.4
766,2017-06-08 23:30:00,3.7
767,2017-06-08 23:45:00,-7.4
768,2017-06-09 00:00:00,7.3
769,2017-06-09 00:15:00,-3.7
770,2017-06-09 00:30:00,-3.7
771,2017-06-09 00:45:00,0.0
772,2017-06-09 01:00:00,3.7
773,2017-06-09 01:15:00,-11.100000000000001
774,2017-06-09 01:30:00,0.0
775,2017-06-09 01:45:00,-7.400000000000001
776,2017-06-09 02:00:00,14.8
777,2017-06-09 02:15:00,7.3
778,2017-06-09 02:30:00,-7.399999999999999
779,2017-06-09 02:45:00,3.7
780,2017-06-09 03:00:00,3.7
781,2017-06-09 03:15:00,-3.700000000000001
782,2017-06-09 03:30:00,3.7
783,2017-06-09 03:45:00,11.100000000000001
784,2017-06-09 04:00:00,14.7
785,2017-06-09 04:15:00,14.7
786,2017-06-09 04:30:00,-11.100000000000001
787,2017-06-09 04:45:00,11.0
788,2017-06-09 05:00:00,3.7
789,2017-06-09 05:15:00,-3.7
790,2017-06-09 05:30:00,-14.7
791,2017-06-09 05:45:00,3.7
792,2017-06-09 06:00:00,3.7
793,2017-06-09 06:15:00,7.3
794,2017-06-09 06:30:00,-7.400000000000001
795,2017-06-09 06:45:00,-7.4
796,2017-06-09 07:00:00,-7.400000000000001
797,2017-06-09 07:15:00,-7.4
798,2017-06-09 07:30:00,0.0
799,2017-06-09 07:45:00,14.7
800,2017-06-09 08:00:00,0.0
801,2017-06-09 08:15:00,-7.400000000000001
802,2017-06-09 08:30:00,7.4
803,2017-06-09 08:45:00,11.0
804,2017-06-09 09:00:00,3.5999999999999996
805,2017-06-09 09:15:00,18.4
806,2017-06-09 09:30:00,-3.7
807,2017-06-09 09:45:00,-11.0
808,2017-06-09 10:00:00,14.8
809,2017-06-09 10:15:00,-11.0
810,2017-06-09 10:30:00,7.4
811,2017-06-09 10:45:00,-22.0
812,2017-06-09 11:00:00,14.7
813,2017-06-09 11:15:00,3.5999999999999996
814,2017-06-09 11:30:00,-3.7
815,2017-06-09 11:45:00,3.8000000000000007
816,2017-06-09 12:00:00,-3.5999999999999996
817,2017-06-09 12:15:00,18.5
818,2017-06-09 12:30:00,14.8
819,2017-06-09 12:45:00,-3.7
820,2017-06-09 13:00:00,-14.7
821,2017-06-09 13:15:00,11.0
822,2017-06-09 13:30:00,-3.5999999999999996
823,2017-06-09 13:45:00,3.7
824,2017-06-09 14:00:00,14.7
825,2017-06-09 14:15:00,11.100000000000001
826,2017-06-09 14:30:00,3.7
827,2017-06-09 14:45:00,7.3
828,2017-06-09 15:00:00,18.4
829,2017-06-09 15:15:00,-3.7
830,2017-06-09 15:30:00,-14.7
831,2017-06-09 15:45:00,14.8
832,2017-06-09 16:00:00,-18.4
833,2017-06-09 16:15:00,7.4
834,2017-06-09 16:30:00,-18.4
835,2017-06-09 16:45:00,-3.7
836,2017-06-09 17:00:00,-3.7
837,2017-06-09 17:15:00,18.4
838,2017-06-09 17:30:00,-18.4
839,2017-06-09 17:45:00,14.8
840,2017-06-09 18:00:00,-18.4
841,2017-06-09 18:15:00,-3.7
842,2017-06-09 18:30:00,14.8
843,2017-06-09 18:45:00,-11.100000000000001
844,2017-06-09 19:00:00,0.0
845,2017-06-09 19:15:00,3.7
846,2017-06-09 19:30:00,14.7
847,2017-06-09 19:45:00,7.4
848,2017-06-09 20:00:00,-7.3
849,2017-06-09 20:15:00,14.8
850,2017-06-09 20:30:00,-7.4
851,2017-06-09 20:45:00,0.0
852,2017-06-09 21:00:00,11.0
853,2017-06-09 21:15:00,18.4
854,2017-06-09 21:30:00,-11.0
855,2017-06-09 21:45:00,0.0
856,2017-06-09 22:00:00,7.4
857,2017-06-09 22:15:00,11.0
858,2017-06-09 22:30:00,-3.7
859,2017-06-09 22:45:00,11.0
860,2017-06-09 23:00:00,-3.7
861,2017-06-09 23:15:00,-11.0
862,2017-06-09 23:30:00,0.0
863,2017-06-09 23:45:00,3.7
864,2017-06-10 00:00:00,-11.0
865,2017-06-10 00:15:00,3.7
866,2017-06-10 00:30:00,11.0
867,2017-06-10 00:45:00,0.0
868,2017-06-10 01:00:00,3.7
869,2017-06-10 01:15:00,0.0
870,2017-06-10 01:30:00,0.0
871,2017-06-10 01:45:00,0.0
872,2017-06-10 02:00:00,0.0
873,2017-06-10 02:15:00,0.0
874,2017-06-10 02:30:00,0.0
875,2017-06-10 02:45:00,0.0
876,2017-06-10 03:00:00,0.0
877,2017-06-10 03:15:00,0.0
878,2017-06-10 03:30:00,0.0
879,2017-06-10 03:45:00,0.0
880,2017-06-10 04:00:00,0.0
881,2017-06-10 04:15:00,0.0
882,2017-06-10 04:30:00,0.0
883,2017-06-10 04:45:00,0.0
884,2017-06-10 05:00:00,0.0
885,2017-06-10 05:15:00,0.0
886,2017-06-10 05:30:00,0.0
887,2017-06-10 05:45:00,0.0
888,2017-06-10 06:00:00,0.0
889,2017-06-10 06:15:00,0.0
890,2017-06-10 06:30:00,0.0
891,2017-06-10 06:45:00,0.0
892,2017-06-10 07:00:00,0.0
893,2017-06-10 07:15:00,0.0
894,2017-06-10 07:30:00,0.0
895,2017-06-10 07:45:00,0.0
896,2017-06-10 08:00:00,0.0
897,2017-06-10 08:15:00,0.0
898,2017-06-10 08:30:00,0.0
899,2017-06-10 08:45:00,0.0
900,2017-06-10 09:00:00,0.0
901,2017-06-10 09:15:00,0.0
902,2017-06-10 09:30:00,0.0
903,2017-06-10 09:45:00,0.0
904,2017-06-10 10:00:00,0.0
905,2017-06-10 10:15:00,0.0
906,2017-06-10 10:30:00,0.0
907,2017-06-10 10:45:00,0.0
908,2017-06-10 11:00:00,0.0
909,2017-06-10 11:15:00,0.0
910,2017-06-10 11:30:00,0.0
911,2017-06-10 11:45:00,0.0
912,2017-06-10 12:00:00,0.0
913,2017-06-10 12:15:00,0.0
914,2017-06-10 12:30:00,7.4
915,2017-06-10 12:45:00,-7.4
916,2017-06-10 13:00:00,-7.4
917,2017-06-10 13:15:00,-11.0
918,2017-06-10 13:30:00,0.0
919,2017-06-10 13:45:00,3.7
920,2017-06-10 14:00:00,-3.7
921,2017-06-10 14:15:00,-11.0
922,2017-06-10 14:30:00,-3.7
923,2017-06-10 14:45:00,3.7
924,2017-06-10 15:00:00,-3.7
925,2017-06-10 15:15:00,11.0
926,2017-06-10 15:30:00,-7.4
927,2017-06-10 15:45:00,3.7
928,2017-06-10 16:00:00,-7.4
929,2017-06-10 16:15:00,-3.7
930,2017-06-10 16:30:00,3.7
931,2017-06-10 16:45:00,7.4
932,2017-06-10 17:00:00,3.7
933,2017-06-10 17:15:00,7.4
934,2017-06-10 17:30:00,11.0
935,2017-06-10 17:45:00,-11.0
936,2017-06-10 18:00:00,-3.7
937,2017-06-10 18:15:00,0.0
938,2017-06-10 18:30:00,0.0
939,2017-06-10 18:45:00,3.7
940,2017-06-10 19:00:00,7.4
941,2017-06-10 19:15:00,-7.4
942,2017-06-10 19:30:00,3.7
943,2017-06-10 19:45:00,7.4
944,2017-06-10 20:00:00,3.7
945,2017-06-10 20:15:00,-3.7
946,2017-06-10 20:30:00,-11.0
947,2017-06-10 20:45:00,3.7
948,2017-06-10 21:00:00,11.0
949,2017-06-10 21:15:00,0.0
950,2017-06-10 21:30:00,11.0
951,2017-06-10 21:45:00,-11.0
952,2017-06-10 22:00:00,3.7
953,2017-06-10 22:15:00,3.7
954,2017-06-10 22:30:00,-11.0
955,2017-06-10 22:45:00,-3.7
956,2017-06-10 23:00:00,3.7
957,2017-06-10 23:15:00,0.0
958,2017-06-10 23:30:00,7.4
959,2017-06-10 23:45:00,11.0
960,2017-06-11 00:00:00,-7.4
961,2017-06-11 00:15:00,-7.4
962,2017-06-11 00:30:00,-11.0
963,2017-06-11 00:45:00,11.0
964,2017-06-11 01:00:00,3.7
965,2017-06-11 01:15:00,0.0
966,2017-06-11 01:30:00,3.7
967,2017-06-11 01:45:00,7.4
968,2017-06-11 02:00:00,-11.0
969,2017-06-11 02:15:00,11.0
970,2017-06-11 02:30:00,-11.0
971,2017-06-11 02:45:00,3.7
972,2017-06-11 03:00:00,3.7
973,2017-06-11 03:15:00,-7.4
974,2017-06-11 03:30:00,11.0
975,2017-06-11 03:45:00,3.7
976,2017-06-11 04:00:00,-7.4
977,2017-06-11 04:15:00,7.4
978,2017-06-11 04:30:00,3.7
979,2017-06-11 04:45:00,0.0
980,2017-06-11 05:00:00,3.7
981,2017-06-11 05:15:00,11.0
982,2017-06-11 05:30:00,-3.7
983,2017-06-11 05:45:00,-11.0
984,2017-06-11 06:00:00,3.7
985,2017-06-11 06:15:00,-3.7
986,2017-06-11 06:30:00,11.0
987,2017-06-11 06:45:00,7.4
988,2017-06-11 07:00:00,3.7
989,2017-06-11 07:15:00,3.7
990,2017-06-11 07:30:00,-7.4
991,2017-06-11 07:45:00,-7.4
992,2017-06-11 08:00:00,11.0
993,2017-06-11 08:15:00,-11.0
994,2017-06-11 08:30:00,-3.7
995,2017-06-11 08:45:00,-7.4
996,2017-06-11 09:00:00,-7.4
997,2017-06-11 09:15:00,11.0
998,2017-06-11 09:30:00,-3.7
999,2017-06-11 09:45:00,-7.4
1000,2017-06-11 10:00:00,-7.4
1001,2017-06-11 10:15:00,-11.0
1002,2017-06-11 10:30:00,3.7
1003,2017-06-11 10:45:00,3.7
1004,2017-06-11 11:00:00,11.0
1005,2017-06-11 11:15:00,-3.7
1006,2017-06-11 11:30:00,-11.0
1007,2017-06-11 11:45:00,-11.0
1008,2017-06-11 12:00:00,0.0
1009,2017-06-11 12:15:00,0.0
1010,2017-06-11 12:30:00,0.0
1011,2017-06-11 12:45:00,0.0
1012,2017-06-11 13:00:00,0.0
1013,2017-06-11 13:15:00,0.0
1014,2017-06-11 13:30:00,0.0
1015,2017-06-11 13:45:00,0.0
1016,2017-06-11 14:00:00,0.0
1017,2017-06-11 14:15:00,0.0
1018,2017-06-11 14:30:00,-7.4
1019,2017-06-11 14:45:00,-7.4
1020,2017-06-11 15:00:00,-7.4
1021,2017-06-11 15:15:00,7.4
1022,2017-06-11 15:30:00,-3.7
1023,2017-06-11 15:45:00,-11.100000000000001
1024,2017-06-11 16:00:00,0.0
1025,2017-06-11 16:15:00,-7.4
1026,2017-06-11 16:30:00,14.8
1027,2017-06-11 16:45:00,-11.100000000000001
1028,2017-06-11 17:00:00,7.3
1029,2017-06-11 17:15:00,7.4
1030,2017-06-11 17:30:00,3.7
1031,2017-06-11 17:45:00,3.7
1032,2017-06-11 18:00:00,-3.7
1033,2017-06-11 18:15:00,14.8
1034,2017-06-11 18:30:00,-7.4
1035,2017-06-11 18:45:00,-11.100000000000001
1036,2017-06-11 19:00:00,-7.3
1037,2017-06-11 19:15:00,3.7
1038,2017-06-11 19:30:00,-3.7
1039,2017-06-11 19:45:00,7.4
1040,2017-06-11 20:00:00,-3.5999999999999996
1041,2017-06-11 20:15:00,-7.4
1042,2017-06-11 20:30:00,-14.7
1043,2017-06-11 20:45:00,-7.3
1044,2017-06-11 21:00:00,-7.4
1045,2017-06-11 21:15:00,-3.7
1046,2017-06-11 21:30:00,14.7
1047,2017-06-11 21:45:00,3.7
1048,2017-06-11 22:00:00,-7.4
1049,2017-06-11 22:15:00,7.3
1050,2017-06-11 22:30:00,3.7
1051,2017-06-11 22:45:00,-3.7
1052,2017-06-11 23:00:00,-11.100000000000001
1053,2017-06-11 23:15:00,-18.4
1054,2017-06-11 23:30:00,22.0
1055,2017-06-11 23:45:00,11.0
1056,2017-06-12 00:00:00,3.7
1057,2017-06-12 00:15:00,11.100000000000001
1058,2017-06-12 00:30:00,-3.7
1059,2017-06-12 00:45:00,-7.4
1060,2017-06-12 01:00:00,-3.7
1061,2017-06-12 01:15:00,-14.7
1062,2017-06-12 01:30:00,0.0
1063,2017-06-12 01:45:00,0.0
1064,2017-06-12 02:00:00,7.4
1065,2017-06-12 02:15:00,-3.7
1066,2017-06-12 02:30:00,-3.7
1067,2017-06-12 02:45:00,11.0
1068,2017-06-12 03:00:00,-3.7
1069,2017-06-12 03:15:00,-14.7
1070,2017-06-12 03:30:00,-3.7
1071,2017-06-12 03:45:00,-3.7
1072,2017-06-12 04:00:00,7.3
1073,2017-06-12 04:15:00,-7.4
1074,2017-06-12 04:30:00,7.4
1075,2017-06-12 04:45:00,-14.7
1076,2017-06-12 05:00:00,3.7
1077,2017-06-12 05:15:00,-14.7
1078,2017-06-12 05:30:00,-7.4
1079,2017-06-12 05:45:00,3.5999999999999996
1080,2017-06-12 06:00:00,-18.4
1081,2017-06-12 06:15:00,3.5999999999999996
1082,2017-06-12 06:30:00,-3.7
1083,2017-06-12 06:45:00,-7.4
1084,2017-06-12 07:00:00,0.0
1085,2017-06-12 07:15:00,7.3
1086,2017-06-12 07:30:00,-7.4
1087,2017-06-12 07:45:00,-3.7
1088,2017-06-12 08:00:00,0.0
1089,2017-06-12 08:15:00,11.0
1090,2017-06-12 08:30:00,0.0
1091,2017-06-12 08:45:00,0.0
1092,2017-06-12 09:00:00,0.0
1093,2017-06-12 09:15:00,0.0
1094,2017-06-12 09:30:00,0.0
1095,2017-06-12 09:45:00,0.0
1096,2017-06-12 10:00:00,0.0
1097,2017-06-12 10:15:00,0.0
1098,2017-06-12 10:30:00,0.0
1099,2017-06-12 10:45:00,0.0
1100,2017-06-12 11:00:00,0.0
1101,2017-06-12 11:15:00,0.0
1102,2017-06-12 11:30:00,0.0
1103,2017-06-12 11:45:00,0.0
1104,2017-06-12 12:00:00,0.0
1105,2017-06-12 12:15:00,0.0
1106,2017-06-12 12:30:00,0.0
1107,2017-06-12 12:45:00,0.0
1108,2017-06-12 13:00:00,0.0
1109,2017-06-12 13:15:00,0.0
1110,2017-06-12 13:30:00,0.0
1111,2017-06-12 13:45:00,0.0
1112,2017-06-12 14:00:00,0.0
1113,2017-06-12 14:15:00,0.0
1114,2017-06-12 14:30:00,0.0
1115,2017-06-12 14:45:00,0.0
1116,2017-06-12 15:00:00,0.0
1117,2017-06-12 15:15:00,0.0
1118,2017-06-12 15:30:00,0.0
1119,2017-06-12 15:45:00,0.0
1120,2017-06-12 16:00:00,0.0
1121,2017-06-12 16:15:00,0.0
1122,2017-06-12 16:30:00,0.0
1123,2017-06-12 16:45:00,0.0
1124,2017-06-12 17:00:00,0.0
1125,2017-06-12 17:15:00,0.0
1126,2017-06-12 17:30:00,0.0
1127,2017-06-12 17:45:00,0.0
1128,2017-06-12 18:00:00,0.0
1129,2017-06-12 18:15:00,0.0
1130,2017-06-12 18:30:00,0.0
1131,2017-06-12 18:45:00,0.0
1132,2017-06-12 19:00:00,0.0
1133,2017-06-12 19:15:00,0.0
1134,2017-06-12 19:30:00,0.0
1135,2017-06-12 19:45:00,0.0
1136,2017-06-12 20:00:00,0.0
1137,2017-06-12 20:15:00,0.0
1138,2017-06-12 20:30:00,0.0
1139,2017-06-12 20:45:00,0.0
1140,2017-06-12 21:00:00,0.0
1141,2017-06-12 21:15:00,0.0
1142,2017-06-12 21:30:00,0.0
1143,2017-06-12 21:45:00,0.0
1144,2017-06-12 22:00:00,0.0
1145,2017-06-12 22:15:00,0.0
1146,2017-06-12 22:30:00,0.0
1147,2017-06-12 22:45:00,0.0
1148,2017-06-12 23:00:00,0.0
1149,2017-06-12 23:15:00,0.0
1150,2017-06-12 23:30:00,0.0
1151,2017-06-12 23:45:00,0.0
1152,2017-06-13 00:00:00,0.0
1153,2017-06-13 00:15:00,0.0
1154,2017-06-13 00:30:00,0.0
1155,2017-06-13 00:45:00,0.0
1156,2017-06-13 01:00:00,0.0
1157,2017-06-13 01:15:00,0.0
1158,2017-06-13 01:30:00,0.0
1159,2017-06-13 01:45:00,0.0
1160,2017-06-13 02:00:00,0.0
1161,2017-06-13 02:15:00,0.0
1162,2017-06-13 02:30:00,0.0
1163,2017-06-13 02:45:00,0.0
1164,2017-06-13 03:00:00,0.0
1165,2017-06-13 03:15:00,0.0
1166,2017-06-13 03:30:00,0.0
1167,2017-06-13 03:45:00,0.0
1168,2017-06-13 04:00:00,0.0
1169,2017-06-13 04:15:00,0.0
1170,2017-06-13 04:30:00,0.0
1171,2017-06-13 04:45:00,0.0
1172,2017-06-13 05:00:00,0.0
1173,2017-06-13 05:15:00,0.0
1174,2017-06-13 05:30:00,11.0
1175,2017-06-13 05:45:00,-3.7
1176,2017-06-13 06:00:00,-7.4
1177,2017-06-13 06:15:00,-11.0
1178,2017-06-13 06:30:00,3.7
1179,2017-06-13 06:45:00,11.0
1180,2017-06-13 07:00:00,0.0
1181,2017-06-13 07:15:00,-11.0
1182,2017-06-13 07:30:00,0.0
1183,2017-06-13 07:45:00,-7.4
1184,2017-06-13 08:00:00,-3.7
1185,2017-06-13 08:15:00,11.0
1186,2017-06-13 08:30:00,-3.7
1187,2017-06-13 08:45:00,11.0
1188,2017-06-13 09:00:00,11.0
1189,2017-06-13 09:15:00,-11.0
1190,2017-06-13 09:30:00,0.0
1191,2017-06-13 09:45:00,11.0
1192,2017-06-13 10:00:00,0.0
1193,2017-06-13 10:15:00,-11.0
1194,2017-06-13 10:30:00,0.0
1195,2017-06-13 10:45:00,-7.4
1196,2017-06-13 11:00:00,-3.7
1197,2017-06-13 11:15:00,0.0
1198,2017-06-13 11:30:00,-11.0
1199,2017-06-13 11:45:00,-18.4
1200,2017-06-13 12:00:00,3.7
1201,2017-06-13 12:15:00,-3.5999999999999996
1202,2017-06-13 12:30:00,7.3
1203,2017-06-13 12:45:00,3.7
1204,2017-06-13 13:00:00,-7.3
1205,2017-06-13 13:15:00,-14.7
1206,2017-06-13 13:30:00,-3.7
1207,2017-06-13 13:45:00,0.0
1208,2017-06-13 14:00:00,-11.100000000000001
1209,2017-06-13 14:15:00,3.5999999999999996
1210,2017-06-13 14:30:00,0.0
1211,2017-06-13 14:45:00,0.0
1212,2017-06-13 15:00:00,18.4
1213,2017-06-13 15:15:00,0.0
1214,2017-06-13 15:30:00,7.4
1215,2017-06-13 15:45:00,0.0
1216,2017-06-13 16:00:00,-25.7
1217,2017-06-13 16:15:00,-3.7
1218,2017-06-13 16:30:00,-7.4
1219,2017-06-13 16:45:00,14.799999999999997
1220,2017-06-13 17:00:00,14.7
1221,2017-06-13 17:15:00,29.4
1222,2017-06-13 17:30:00,25.7
1223,2017-06-13 17:45:00,18.299999999999997
1224,2017-06-13 18:00:00,7.400000000000001
1225,2017-06-13 18:15:00,-25.9
1226,2017-06-13 18:30:00,11.100000000000001
1227,2017-06-13 18:45:00,18.4
1228,2017-06-13 19:00:00,-22.099999999999998
1229,2017-06-13 19:15:00,-7.4
1230,2017-06-13 19:30:00,3.7
1231,2017-06-13 19:45:00,-7.4
1232,2017-06-13 20:00:00,-22.1
1233,2017-06-13 20:15:00,-18.3
1234,2017-06-13 20:30:00,7.4
1235,2017-06-13 20:45:00,-11.0
1236,2017-06-13 21:00:00,10.999999999999998
1237,2017-06-13 21:15:00,7.399999999999999
1238,2017-06-13 21:30:00,-3.700000000000001
1239,2017-06-13 21:45:00,-22.0
1240,2017-06-13 22:00:00,18.4
1241,2017-06-13 22:15:00,-25.7
1242,2017-06-13 22:30:00,14.7
1243,2017-06-13 22:45:00,7.3
1244,2017-06-13 23:00:00,-25.7
1245,2017-06-13 23:15:00,-0.10000000000000053
1246,2017-06-13 23:30:00,-29.6
1247,2017-06-13 23:45:00,-14.7
1248,2017-06-14 00:00:00,-3.7
1249,2017-06-14 00:15:00,0.0
1250,2017-06-14 00:30:00,-7.4
1251,2017-06-14 00:45:00,7.3
1252,2017-06-14 01:00:00,0.0
1253,2017-06-14 01:15:00,-3.700000000000001
1254,2017-06-14 01:30:00,-11.100000000000001
1255,2017-06-14 01:45:00,29.4
1256,2017-06-14 02:00:00,0.0
1257,2017-06-14 02:15:00,14.7
1258,2017-06-14 02:30:00,-25.7
1259,2017-06-14 02:45:00,25.7
1260,2017-06-14 03:00:00,-29.4
1261,2017-06-14 03:15:00,-22.0
1262,2017-06-14 03:30:00,3.5999999999999996
1263,2017-06-14 03:45:00,-18.3
1264,2017-06-14 04:00:00,22.099999999999998
1265,2017-06-14 04:15:00,-11.0
1266,2017-06-14 04:30:00,-11.100000000000001
1267,2017-06-14 04:45:00,11.0
1268,2017-06-14 05:00:00,3.5999999999999996
1269,2017-06-14 05:15:00,10.899999999999999
1270,2017-06-14 05:30:00,-14.7
1271,2017-06-14 05:45:00,-7.3
1272,2017-06-14 06:00:00,-22.200000000000003
1273,2017-06-14 06:15:00,3.7
1274,2017-06-14 06:30:00,0.0
1275,2017-06-14 06:45:00,3.5999999999999996
1276,2017-06-14 07:00:00,-14.6
1277,2017-06-14 07:15:00,-7.299999999999999
1278,2017-06-14 07:30:00,14.7
1279,2017-06-14 07:45:00,-25.7
1280,2017-06-14 08:00:00,-7.299999999999999
1281,2017-06-14 08:15:00,-29.4
1282,2017-06-14 08:30:00,-11.0
1283,2017-06-14 08:45:00,7.4
1284,2017-06-14 09:00:00,-25.7
1285,2017-06-14 09:15:00,0.0
1286,2017-06-14 09:30:00,14.7
1287,2017-06-14 09:45:00,-18.4
1288,2017-06-14 10:00:00,7.3
1289,2017-06-14 10:15:00,0.0
1290,2017-06-14 10:30:00,-14.7
1291,2017-06-14 10:45:00,7.4
1292,2017-06-14 11:00:00,11.0
1293,2017-06-14 11:15:00,-11.0
1294,2017-06-14 11:30:00,11.0
1295,2017-06-14 11:45:00,3.7
1296,2017-06-14 12:00:00,-11.0
1297,2017-06-14 12:15:00,-7.4
1298,2017-06-14 12:30:00,11.0
1299,2017-06-14 12:45:00,-7.4
1300,2017-06-14 13:00:00,-7.4
1301,2017-06-14 13:15:00,18.4
1302,2017-06-14 13:30:00,7.3
1303,2017-06-14 13:45:00,-11.0
1304,2017-06-14 14:00:00,-22.0
1305,2017-06-14 14:15:00,-3.7
1306,2017-06-14 14:30:00,-3.5999999999999996
1307,2017-06-14 14:45:00,11.0
1308,2017-06-14 15:00:00,14.6
1309,2017-06-14 15:15:00,22.0
1310,2017-06-14 15:30:00,-11.0
1311,2017-06-14 15:45:00,7.4
1312,2017-06-14 16:00:00,-11.0
1313,2017-06-14 16:15:00,7.4
1314,2017-06-14 16:30:00,-7.3
1315,2017-06-14 16:45:00,3.8000000000000007
1316,2017-06-14 17:00:00,-25.7
1317,2017-06-14 17:15:00,-3.5999999999999996
1318,2017-06-14 17:30:00,3.7
1319,2017-06-14 17:45:00,-18.5
1320,2017-06-14 18:00:00,-7.4
1321,2017-06-14 18:15:00,-3.5999999999999996
1322,2017-06-14 18:30:00,0.0
1323,2017-06-14 18:45:00,11.100000000000001
1324,2017-06-14 19:00:00,-18.4
1325,2017-06-14 19:15:00,-18.400000000000002
1326,2017-06-14 19:30:00,0.10000000000000142
1327,2017-06-14 19:45:00,7.3
1328,2017-06-14 20:00:00,-3.7
1329,2017-06-14 20:15:00,14.8
1330,2017-06-14 20:30:00,11.100000000000001
1331,2017-06-14 20:45:00,14.8
1332,2017-06-14 21:00:00,3.7
1333,2017-06-14 21:15:00,11.0
1334,2017-06-14 21:30:00,29.4
1335,2017-06-14 21:45:00,-33.0
1336,2017-06-14 22:00:00,-29.4
1337,2017-06-14 22:15:00,11.0
1338,2017-06-14 22:30:00,-11.0
1339,2017-06-14 22:45:00,11.100000000000001
1340,2017-06-14 23:00:00,0.10000000000000053
1341,2017-06-14 23:15:00,0.0
1342,2017-06-14 23:30:00,3.7
1343,2017-06-14 23:45:00,-0.10000000000000142
1344,2017-06-15 00:00:00,22.200000000000003
1345,2017-06-15 00:15:00,7.4
1346,2017-06-15 00:30:00,-11.100000000000001
1347,2017-06-15 00:45:00,0.0
1348,2017-06-15 01:00:00,-18.4
1349,2017-06-15 01:15:00,7.4
1350,2017-06-15 01:30:00,-11.100000000000001
1351,2017-06-15 01:45:00,-3.6999999999999993
1352,2017-06-15 02:00:00,-22.099999999999998
1353,2017-06-15 02:15:00,0.0
1354,2017-06-15 02:30:00,-7.4
1355,2017-06-15 02:45:00,-11.0
1356,2017-06-15 03:00:00,0.0
1357,2017-06-15 03:15:00,22.0
1358,2017-06-15 03:30:00,11.0
1359,2017-06-15 03:45:00,7.4
1360,2017-06-15 04:00:00,-11.0
1361,2017-06-15 04:15:00,7.399999999999999
1362,2017-06-15 04:30:00,-33.0
1363,2017-06-15 04:45:00,-10.999999999999998
1364,2017-06-15 05:00:00,7.3
1365,2017-06-15 05:15:00,-7.3
1366,2017-06-15 05:30:00,-7.4
1367,2017-06-15 05:45:00,7.3
1368,2017-06-15 06:00:00,7.299999999999999
1369,2017-06-15 06:15:00,-3.6999999999999993
1370,2017-06-15 06:30:00,14.8
1371,2017-06-15 06:45:00,-11.0
1372,2017-06-15 07:00:00,18.4
1373,2017-06-15 07:15:00,-11.0
1374,2017-06-15 07:30:00,0.0
1375,2017-06-15 07:45:00,11.0
1376,2017-06-15 08:00:00,-3.7
1377,2017-06-15 08:15:00,0.0
1378,2017-06-15 08:30:00,0.0
1379,2017-06-15 08:45:00,0.0
1380,2017-06-15 09:00:00,0.0
1381,2017-06-15 09:15:00,0.0
1382,2017-06-15 09:30:00,0.0
1383,2017-06-15 09:45:00,0.0
1384,2017-06-15 10:00:00,0.0
1385,2017-06-15 10:15:00,0.0
1386,2017-06-15 10:30:00,0.0
1387,2017-06-15 10:45:00,0.0
1388,2017-06-15 11:00:00,0.0
1389,2017-06-15 11:15:00,0.0
1390,2017-06-15 11:30:00,0.0
1391,2017-06-15 11:45:00,0.0
1392,2017-06-15 12:00:00,0.0
1393,2017-06-15 12:15:00,0.0
1394,2017-06-15 12:30:00,0.0
1395,2017-06-15 12:45:00,0.0
1396,2017-06-15 13:00:00,0.0
1397,2017-06-15 13:15:00,0.0
1398,2017-06-15 13:30:00,0.0
1399,2017-06-15 13:45:00,0.0
1400,2017-06-15 14:00:00,0.0
1401,2017-06-15 14:15:00,0.0
1402,2017-06-15 14:30:00,0.0
1403,2017-06-15 14:45:00,7.4
1404,2017-06-15 15:00:00,11.0
1405,2017-06-15 15:15:00,-11.0
1406,2017-06-15 15:30:00,7.3
1407,2017-06-15 15:45:00,11.0
1408,2017-06-15 16:00:00,0.0
1409,2017-06-15 16:15:00,-14.7
1410,2017-06-15 16:30:00,-11.100000000000001
1411,2017-06-15 16:45:00,0.0
1412,2017-06-15 17:00:00,3.7
1413,2017-06-15 17:15:00,0.0
1414,2017-06-15 17:30:00,3.7
1415,2017-06-15 17:45:00,14.6
1416,2017-06-15 18:00:00,11.100000000000001
1417,2017-06-15 18:15:00,-7.400000000000001
1418,2017-06-15 18:30:00,14.8
1419,2017-06-15 18:45:00,3.7
1420,2017-06-15 19:00:00,7.3
1421,2017-06-15 19:15:00,-14.7
1422,2017-06-15 19:30:00,-11.0
1423,2017-06-15 19:45:00,18.4
1424,2017-06-15 20:00:00,-14.8
1425,2017-06-15 20:15:00,-7.4
1426,2017-06-15 20:30:00,14.7
1427,2017-06-15 20:45:00,0.0
1428,2017-06-15 21:00:00,-14.7
1429,2017-06-15 21:15:00,7.4
1430,2017-06-15 21:30:00,-3.7
1431,2017-06-15 21:45:00,10.999999999999998
1432,2017-06-15 22:00:00,-18.3
1433,2017-06-15 22:15:00,-18.4
1434,2017-06-15 22:30:00,-3.7
1435,2017-06-15 22:45:00,0.0
1436,2017-06-15 23:00:00,11.0
1437,2017-06-15 23:15:00,-14.8
1438,2017-06-15 23:30:00,0.0
1439,2017-06-15 23:45:00,-3.5999999999999996
1440,2017-06-16 00:00:00,-7.3
1441,2017-06-16 00:15:00,14.7
1442,2017-06-16 00:30:00,0.0
1443,2017-06-16 00:45:00,11.0
1444,2017-06-16 01:00:00,3.7
1445,2017-06-16 01:15:00,-3.5999999999999996
1446,2017-06-16 01:30:00,-22.099999999999998
1447,2017-06-16 01:45:00,-7.4
1448,2017-06-16 02:00:00,-7.399999999999999
1449,2017-06-16 02:15:00,0.0
1450,2017-06-16 02:30:00,0.10000000000000053
1451,2017-06-16 02:45:00,3.7
1452,2017-06-16 03:00:00,0.0
1453,2017-06-16 03:15:00,0.0
1454,2017-06-16 03:30:00,3.700000000000001
1455,2017-06-16 03:45:00,-3.7
1456,2017-06-16 04:00:00,-14.7
1457,2017-06-16 04:15:00,11.0
1458,2017-06-16 04:30:00,3.7
1459,2017-06-16 04:45:00,-7.399999999999999
1460,2017-06-16 05:00:00,-14.7
1461,2017-06-16 05:15:00,3.7
1462,2017-06-16 05:30:00,18.4
1463,2017-06-16 05:45:00,-0.10000000000000053
1464,2017-06-16 06:00:00,-3.7
1465,2017-06-16 06:15:00,-33.0
1466,2017-06-16 06:30:00,-18.4
1467,2017-06-16 06:45:00,14.7
1468,2017-06-16 07:00:00,-7.3
1469,2017-06-16 07:15:00,-7.3
1470,2017-06-16 07:30:00,0.0
1471,2017-06-16 07:45:00,-3.7
1472,2017-06-16 08:00:00,0.0
1473,2017-06-16 08:15:00,-7.4
1474,2017-06-16 08:30:00,3.7
1475,2017-06-16 08:45:00,-7.4
1476,2017-06-16 09:00:00,11.0
1477,2017-06-16 09:15:00,-7.4
1478,2017-06-16 09:30:00,0.0
1479,2017-06-16 09:45:00,0.0
1480,2017-06-16 10:00:00,0.0
1481,2017-06-16 10:15:00,0.0
1482,2017-06-16 10:30:00,0.0
1483,2017-06-16 10:45:00,0.0
1484,2017-06-16 11:00:00,0.0
1485,2017-06-16 11:15:00,0.0
1486,2017-06-16 11:30:00,-11.0
1487,2017-06-16 11:45:00,-3.7
1488,2017-06-16 12:00:00,-3.7
1489,2017-06-16 12:15:00,-3.7
1490,2017-06-16 12:30:00,0.0
1491,2017-06-16 12:45:00,0.0
1492,2017-06-16 13:00:00,11.0
1493,2017-06-16 13:15:00,-3.7
1494,2017-06-16 13:30:00,3.7
1495,2017-06-16 13:45:00,-7.4
1496,2017-06-16 14:00:00,0.0
1497,2017-06-16 14:15:00,0.0
1498,2017-06-16 14:30:00,0.0
1499,2017-06-16 14:45:00,11.0
1500,2017-06-16 15:00:00,-3.7
1501,2017-06-16 15:15:00,-3.7
1502,2017-06-16 15:30:00,0.0
1503,2017-06-16 15:45:00,0.0
1504,2017-06-16 16:00:00,0.0
1505,2017-06-16 16:15:00,0.0
1506,2017-06-16 16:30:00,7.4
1507,2017-06-16 16:45:00,-3.7
1508,2017-06-16 17:00:00,-3.7
1509,2017-06-16 17:15:00,0.0
1510,2017-06-16 17:30:00,0.0
1511,2017-06-16 17:45:00,3.7
1512,2017-06-16 18:00:00,0.0
1513,2017-06-16 18:15:00,-3.7
1514,2017-06-16 18:30:00,3.7
1515,2017-06-16 18:45:00,-3.7
1516,2017-06-16 19:00:00,0.0
1517,2017-06-16 19:15:00,0.0
1518,2017-06-16 19:30:00,0.0
1519,2017-06-16 19:45:00,0.0
1520,2017-06-16 20:00:00,0.0
1521,2017-06-16 20:15:00,0.0
1522,2017-06-16 20:30:00,0.0
1523,2017-06-16 20:45:00,0.0
1524,2017-06-16 21:00:00,0.0
1525,2017-06-16 21:15:00,0.0
1526,2017-06-16 21:30:00,0.0
1527,2017-06-16 21:45:00,0.0
1528,2017-06-16 22:00:00,3.7
1529,2017-06-16 22:15:00,11.0
1530,2017-06-16 22:30:00,11.0
1531,2017-06-16 22:45:00,-7.4
1532,2017-06-16 23:00:00,-3.7
1533,2017-06-16 23:15:00,-3.7
1534,2017-06-16 23:30:00,0.0
1535,2017-06-16 23:45:00,11.0
1536,2017-06-17 00:00:00,7.4
1537,2017-06-17 00:15:00,7.4
1538,2017-06-17 00:30:00,-3.7
1539,2017-06-17 00:45:00,7.4
1540,2017-06-17 01:00:00,-3.7
1541,2017-06-17 01:15:00,-3.7
1542,2017-06-17 01:30:00,-3.7
1543,2017-06-17 01:45:00,0.0
1544,2017-06-17 02:00:00,0.0
1545,2017-06-17 02:15:00,0.0
1546,2017-06-17 02:30:00,0.0
1547,2017-06-17 02:45:00,0.0
1548,2017-06-17 03:00:00,0.0
1549,2017-06-17 03:15:00,0.0
1550,2017-06-17 03:30:00,0.0
1551,2017-06-17 03:45:00,0.0
1552,2017-06-17 04:00:00,0.0
1553,2017-06-17 04:15:00,0.0
1554,2017-06-17 04:30:00,0.0
1555,2017-06-17 04:45:00,0.0
1556,2017-06-17 05:00:00,0.0
1557,2017-06-17 05:15:00,0.0
1558,2017-06-17 05:30:00,0.0
1559,2017-06-17 05:45:00,0.0
1560,2017-06-17 06:00:00,0.0
1561,2017-06-17 06:15:00,0.0
1562,2017-06-17 06:30:00,0.0
1563,2017-06-17 06:45:00,0.0
1564,2017-06-17 07:00:00,0.0
1565,2017-06-17 07:15:00,0.0
1566,2017-06-17 07:30:00,0.0
1567,2017-06-17 07:45:00,0.0
1568,2017-06-17 08:00:00,0.0
1569,2017-06-17 08:15:00,0.0
1570,2017-06-17 08:30:00,0.0
1571,2017-06-17 08:45:00,0.0
1572,2017-06-17 09:00:00,0.0
1573,2017-06-17 09:15:00,0.0
1574,2017-06-17 09:30:00,0.0
1575,2017-06-17 09:45:00,0.0
1576,2017-06-17 10:00:00,0.0
1577,2017-06-17 10:15:00,0.0
1578,2017-06-17 10:30:00,0.0
1579,2017-06-17 10:45:00,0.0
1580,2017-06-17 11:00:00,0.0
1581,2017-06-17 11:15:00,0.0
1582,2017-06-17 11:30:00,0.0
1583,2017-06-17 11:45:00,0.0
1584,2017-06-17 12:00:00,0.0
1585,2017-06-17 12:15:00,11.0
1586,2017-06-17 12:30:00,-11.0
1587,2017-06-17 12:45:00,11.0
1588,2017-06-17 13:00:00,-11.0
1589,2017-06-17 13:15:00,7.4
1590,2017-06-17 13:30:00,11.0
1591,2017-06-17 13:45:00,-3.7
1592,2017-06-17 14:00:00,3.7
1593,2017-06-17 14:15:00,-7.4
1594,2017-06-17 14:30:00,-11.0
1595,2017-06-17 14:45:00,3.7
1596,2017-06-17 15:00:00,-3.7
1597,2017-06-17 15:15:00,-7.4
1598,2017-06-17 15:30:00,-11.0
1599,2017-06-17 15:45:00,-3.7
1600,2017-06-17 16:00:00,0.0
1601,2017-06-17 16:15:00,3.7
1602,2017-06-17 16:30:00,11.0
1603,2017-06-17 16:45:00,3.7
1604,2017-06-17 17:00:00,0.0
1605,2017-06-17 17:15:00,-3.7
1606,2017-06-17 17:30:00,11.0
1607,2017-06-17 17:45:00,11.0
1608,2017-06-17 18:00:00,-11.0
1609,2017-06-17 18:15:00,0.0
1610,2017-06-17 18:30:00,-3.7
1611,2017-06-17 18:45:00,-7.4
1612,2017-06-17 19:00:00,0.0
1613,2017-06-17 19:15:00,-11.0
1614,2017-06-17 19:30:00,-11.0
1615,2017-06-17 19:45:00,7.4
1616,2017-06-17 20:00:00,0.0
1617,2017-06-17 20:15:00,-7.4
1618,2017-06-17 20:30:00,-3.7
1619,2017-06-17 20:45:00,0.0
1620,2017-06-17 21:00:00,0.0
1621,2017-06-17 21:15:00,11.0
1622,2017-06-17 21:30:00,0.0
1623,2017-06-17 21:45:00,11.0
1624,2017-06-17 22:00:00,0.0
1625,2017-06-17 22:15:00,7.4
1626,2017-06-17 22:30:00,-3.7
1627,2017-06-17 22:45:00,3.7
1628,2017-06-17 23:00:00,3.7
1629,2017-06-17 23:15:00,0.0
1630,2017-06-17 23:30:00,-11.0
1631,2017-06-17 23:45:00,0.0
1632,2017-06-18 00:00:00,-7.4
1633,2017-06-18 00:15:00,-11.0
1634,2017-06-18 00:30:00,11.0
1635,2017-06-18 00:45:00,3.7
1636,2017-06-18 01:00:00,7.4
1637,2017-06-18 01:15:00,-3.7
1638,2017-06-18 01:30:00,-7.4
1639,2017-06-18 01:45:00,0.0
1640,2017-06-18 02:00:00,-7.4
1641,2017-06-18 02:15:00,-7.4
1642,2017-06-18 02:30:00,7.4
1643,2017-06-18 02:45:00,-3.7
1644,2017-06-18 03:00:00,11.0
1645,2017-06-18 03:15:00,-3.5999999999999996
1646,2017-06-18 03:30:00,3.7
1647,2017-06-18 03:45:00,-18.4
1648,2017-06-18 04:00:00,14.7
1649,2017-06-18 04:15:00,0.0
1650,2017-06-18 04:30:00,18.4
1651,2017-06-18 04:45:00,-3.5999999999999996
1652,2017-06-18 05:00:00,-18.4
1653,2017-06-18 05:15:00,0.0
1654,2017-06-18 05:30:00,-3.7
1655,2017-06-18 05:45:00,-18.4
1656,2017-06-18 06:00:00,18.4
1657,2017-06-18 06:15:00,0.0
1658,2017-06-18 06:30:00,11.0
1659,2017-06-18 06:45:00,3.7
1660,2017-06-18 07:00:00,3.7
1661,2017-06-18 07:15:00,0.0
1662,2017-06-18 07:30:00,-3.7
1663,2017-06-18 07:45:00,-7.4
1664,2017-06-18 08:00:00,3.7
1665,2017-06-18 08:15:00,-3.7
1666,2017-06-18 08:30:00,3.7
1667,2017-06-18 08:45:00,3.7
1668,2017-06-18 09:00:00,3.7
1669,2017-06-18 09:15:00,0.0
1670,2017-06-18 09:30:00,0.0
1671,2017-06-18 09:45:00,7.4
1672,2017-06-18 10:00:00,7.4
1673,2017-06-18 10:15:00,7.4
1674,2017-06-18 10:30:00,7.4
1675,2017-06-18 10:45:00,-7.4
1676,2017-06-18 11:00:00,-3.7
1677,2017-06-18 11:15:00,11.0
1678,2017-06-18 11:30:00,0.0
1679,2017-06-18 11:45:00,3.7
1680,2017-06-18 12:00:00,-3.7
1681,2017-06-18 12:15:00,11.0
1682,2017-06-18 12:30:00,-11.0
1683,2017-06-18 12:45:00,-7.4
1684,2017-06-18 13:00:00,3.7
1685,2017-06-18 13:15:00,11.0
1686,2017-06-18 13:30:00,-7.4
1687,2017-06-18 13:45:00,-11.0
1688,2017-06-18 14:00:00,7.4
1689,2017-06-18 14:15:00,-3.7
1690,2017-06-18 14:30:00,-3.7
1691,2017-06-18 14:45:00,-7.4
1692,2017-06-18 15:00:00,0.0
1693,2017-06-18 15:15:00,18.4
1694,2017-06-18 15:30:00,18.4
1695,2017-06-18 15:45:00,7.399999999999999
1696,2017-06-18 16:00:00,0.0
1697,2017-06-18 16:15:00,-14.7
1698,2017-06-18 16:30:00,-14.7
1699,2017-06-18 16:45:00,7.400000000000001
1700,2017-06-18 17:00:00,-25.8
1701,2017-06-18 17:15:00,22.1
1702,2017-06-18 17:30:00,3.7
1703,2017-06-18 17:45:00,-3.8000000000000007
1704,2017-06-18 18:00:00,-3.7
1705,2017-06-18 18:15:00,14.7
1706,2017-06-18 18:30:00,18.4
1707,2017-06-18 18:45:00,-3.7
1708,2017-06-18 19:00:00,-18.4
1709,2017-06-18 19:15:00,-11.100000000000001
1710,2017-06-18 19:30:00,-11.0
1711,2017-06-18 19:45:00,-11.100000000000001
1712,2017-06-18 20:00:00,22.0
1713,2017-06-18 20:15:00,-33.0
1714,2017-06-18 20:30:00,7.4
1715,2017-06-18 20:45:00,-7.4
1716,2017-06-18 21:00:00,14.7
1717,2017-06-18 21:15:00,-3.6999999999999993
1718,2017-06-18 21:30:00,-25.7
1719,2017-06-18 21:45:00,7.399999999999999
1720,2017-06-18 22:00:00,14.799999999999997
1721,2017-06-18 22:15:00,8.881784197001252e-16
1722,2017-06-18 22:30:00,-18.4
1723,2017-06-18 22:45:00,7.400000000000001
1724,2017-06-18 23:00:00,7.4
1725,2017-06-18 23:15:00,3.7
1726,2017-06-18 23:30:00,7.299999999999999
1727,2017-06-18 23:45:00,0.0
1728,2017-06-19 00:00:00,-3.5999999999999996
1729,2017-06-19 00:15:00,33.1
1730,2017-06-19 00:30:00,0.0
1731,2017-06-19 00:45:00,33.099999999999994
1732,2017-06-19 01:00:00,-7.4
1733,2017-06-19 01:15:00,-0.10000000000000053
1734,2017-06-19 01:30:00,-22.200000000000003
1735,2017-06-19 01:45:00,-33.2
1736,2017-06-19 02:00:00,-25.900000000000002
1737,2017-06-19 02:15:00,7.400000000000001
1738,2017-06-19 02:30:00,3.700000000000001
1739,2017-06-19 02:45:00,25.799999999999997
1740,2017-06-19 03:00:00,0.10000000000000053
1741,2017-06-19 03:15:00,-18.400000000000002
1742,2017-06-19 03:30:00,3.7
1743,2017-06-19 03:45:00,-7.3
1744,2017-06-19 04:00:00,-14.7
1745,2017-06-19 04:15:00,-18.4
1746,2017-06-19 04:30:00,-7.3
1747,2017-06-19 04:45:00,-14.7
1748,2017-06-19 05:00:00,3.5999999999999996
1749,2017-06-19 05:15:00,-18.5
1750,2017-06-19 05:30:00,18.4
1751,2017-06-19 05:45:00,22.200000000000003
1752,2017-06-19 06:00:00,22.0
1753,2017-06-19 06:15:00,7.300000000000001
1754,2017-06-19 06:30:00,3.7
1755,2017-06-19 06:45:00,-14.699999999999998
1756,2017-06-19 07:00:00,7.3
1757,2017-06-19 07:15:00,0.10000000000000053
1758,2017-06-19 07:30:00,22.099999999999998
1759,2017-06-19 07:45:00,-25.799999999999997
1760,2017-06-19 08:00:00,-14.8
1761,2017-06-19 08:15:00,-25.799999999999997
1762,2017-06-19 08:30:00,7.299999999999999
1763,2017-06-19 08:45:00,-18.4
1764,2017-06-19 09:00:00,18.5
1765,2017-06-19 09:15:00,-8.881784197001252e-16
1766,2017-06-19 09:30:00,0.10000000000000142
1767,2017-06-19 09:45:00,-7.399999999999999
1768,2017-06-19 10:00:00,-10.899999999999999
1769,2017-06-19 10:15:00,18.4
1770,2017-06-19 10:30:00,-7.400000000000001
1771,2017-06-19 10:45:00,-14.7
1772,2017-06-19 11:00:00,25.7
1773,2017-06-19 11:15:00,-33.199999999999996
1774,2017-06-19 11:30:00,-7.4
1775,2017-06-19 11:45:00,-3.7
1776,2017-06-19 12:00:00,3.7
1777,2017-06-19 12:15:00,7.3
1778,2017-06-19 12:30:00,14.8
1779,2017-06-19 12:45:00,0.0
1780,2017-06-19 13:00:00,-14.8
1781,2017-06-19 13:15:00,-7.4
1782,2017-06-19 13:30:00,3.5999999999999996
1783,2017-06-19 13:45:00,7.4
1784,2017-06-19 14:00:00,3.7
1785,2017-06-19 14:15:00,11.0
1786,2017-06-19 14:30:00,14.8
1787,2017-06-19 14:45:00,3.7
1788,2017-06-19 15:00:00,0.0
1789,2017-06-19 15:15:00,0.0
1790,2017-06-19 15:30:00,-3.6999999999999993
1791,2017-06-19 15:45:00,11.100000000000001
1792,2017-06-19 16:00:00,3.5999999999999996
1793,2017-06-19 16:15:00,-11.100000000000001
1794,2017-06-19 16:30:00,11.0
1795,2017-06-19 16:45:00,18.4
1796,2017-06-19 17:00:00,-22.0
1797,2017-06-19 17:15:00,14.8
1798,2017-06-19 17:30:00,7.3
1799,2017-06-19 17:45:00,-14.7
1800,2017-06-19 18:00:00,7.3
1801,2017-06-19 18:15:00,-14.7
1802,2017-06-19 18:30:00,-11.100000000000001
1803,2017-06-19 18:45:00,-7.4
1804,2017-06-19 19:00:00,-3.7
1805,2017-06-19 19:15:00,-11.100000000000001
1806,2017-06-19 19:30:00,3.7
1807,2017-06-19 19:45:00,-7.4
1808,2017-06-19 20:00:00,-18.4
1809,2017-06-19 20:15:00,-7.4
1810,2017-06-19 20:30:00,-11.100000000000001
1811,2017-06-19 20:45:00,0.0
1812,2017-06-19 21:00:00,-22.0
1813,2017-06-19 21:15:00,-3.7
1814,2017-06-19 21:30:00,-7.4
1815,2017-06-19 21:45:00,3.7
1816,2017-06-19 22:00:00,7.4
1817,2017-06-19 22:15:00,-11.0
1818,2017-06-19 22:30:00,-3.7
1819,2017-06-19 22:45:00,3.7
1820,2017-06-19 23:00:00,0.0
1821,2017-06-19 23:15:00,-3.7
1822,2017-06-19 23:30:00,-3.7
1823,2017-06-19 23:45:00,0.0
1824,2017-06-20 00:00:00,7.4
1825,2017-06-20 00:15:00,11.0
1826,2017-06-20 00:30:00,-11.0
1827,2017-06-20 00:45:00,-7.4
1828,2017-06-20 01:00:00,7.4
1829,2017-06-20 01:15:00,7.4
1830,2017-06-20 01:30:00,7.4
1831,2017-06-20 01:45:00,-3.7
1832,2017-06-20 02:00:00,-7.4
1833,2017-06-20 02:15:00,-3.7
1834,2017-06-20 02:30:00,7.4
1835,2017-06-20 02:45:00,-3.7
1836,2017-06-20 03:00:00,-7.4
1837,2017-06-20 03:15:00,11.0
1838,2017-06-20 03:30:00,0.0
1839,2017-06-20 03:45:00,7.4
1840,2017-06-20 04:00:00,-7.4
1841,2017-06-20 04:15:00,-7.4
1842,2017-06-20 04:30:00,11.0
1843,2017-06-20 04:45:00,3.7
1844,2017-06-20 05:00:00,-3.7
1845,2017-06-20 05:15:00,0.0
1846,2017-06-20 05:30:00,-10.999999999999998
1847,2017-06-20 05:45:00,-7.4
1848,2017-06-20 06:00:00,-3.7
1849,2017-06-20 06:15:00,11.100000000000001
1850,2017-06-20 06:30:00,-10.999999999999998
1851,2017-06-20 06:45:00,-3.7
1852,2017-06-20 07:00:00,18.4
1853,2017-06-20 07:15:00,3.7
1854,2017-06-20 07:30:00,0.0
1855,2017-06-20 07:45:00,-7.4
1856,2017-06-20 08:00:00,-3.7
1857,2017-06-20 08:15:00,0.0
1858,2017-06-20 08:30:00,0.0
1859,2017-06-20 08:45:00,11.0
1860,2017-06-20 09:00:00,0.0
1861,2017-06-20 09:15:00,-7.4
1862,2017-06-20 09:30:00,0.0
1863,2017-06-20 09:45:00,7.4
1864,2017-06-20 10:00:00,0.0
1865,2017-06-20 10:15:00,-3.7
1866,2017-06-20 10:30:00,-3.7
1867,2017-06-20 10:45:00,0.0
1868,2017-06-20 11:00:00,0.0
1869,2017-06-20 11:15:00,3.7
1870,2017-06-20 11:30:00,0.0
1871,2017-06-20 11:45:00,0.0
1872,2017-06-20 12:00:00,11.0
1873,2017-06-20 12:15:00,-11.0
1874,2017-06-20 12:30:00,0.0
1875,2017-06-20 12:45:00,0.0
1876,2017-06-20 13:00:00,3.7
1877,2017-06-20 13:15:00,-3.7
1878,2017-06-20 13:30:00,0.0
1879,2017-06-20 13:45:00,0.0
1880,2017-06-20 14:00:00,0.0
1881,2017-06-20 14:15:00,-7.4
1882,2017-06-20 14:30:00,-7.4
1883,2017-06-20 14:45:00,7.4
1884,2017-06-20 15:00:00,-3.7
1885,2017-06-20 15:15:00,-3.8000000000000007
1886,2017-06-20 15:30:00,-0.10000000000000053
1887,2017-06-20 15:45:00,3.6999999999999993
1888,2017-06-20 16:00:00,-3.5999999999999996
1889,2017-06-20 16:15:00,3.5999999999999996
1890,2017-06-20 16:30:00,7.199999999999999
1891,2017-06-20 16:45:00,-11.100000000000001
1892,2017-06-20 17:00:00,18.5
1893,2017-06-20 17:15:00,-10.899999999999999
1894,2017-06-20 17:30:00,3.8000000000000016
1895,2017-06-20 17:45:00,-14.8
1896,2017-06-20 18:00:00,36.7
1897,2017-06-20 18:15:00,-29.5
1898,2017-06-20 18:30:00,3.7
1899,2017-06-20 18:45:00,-7.299999999999998
1900,2017-06-20 19:00:00,-22.0
1901,2017-06-20 19:15:00,36.8
1902,2017-06-20 19:30:00,7.399999999999999
1903,2017-06-20 19:45:00,0.0
1904,2017-06-20 20:00:00,14.7
1905,2017-06-20 20:15:00,-10.999999999999998
1906,2017-06-20 20:30:00,10.999999999999998
1907,2017-06-20 20:45:00,0.0
1908,2017-06-20 21:00:00,-0.10000000000000053
1909,2017-06-20 21:15:00,7.3999999999999995
1910,2017-06-20 21:30:00,3.7
1911,2017-06-20 21:45:00,-18.4
1912,2017-06-20 22:00:00,11.0
1913,2017-06-20 22:15:00,3.7
1914,2017-06-20 22:30:00,0.0
1915,2017-06-20 22:45:00,7.299999999999999
1916,2017-06-20 23:00:00,0.0
1917,2017-06-20 23:15:00,3.8000000000000007
1918,2017-06-20 23:30:00,7.4
1919,2017-06-20 23:45:00,18.4
1920,2017-06-21 00:00:00,3.6999999999999984
1921,2017-06-21 00:15:00,14.6
1922,2017-06-21 00:30:00,-14.8
1923,2017-06-21 00:45:00,-11.100000000000001
1924,2017-06-21 01:00:00,-29.4
1925,2017-06-21 01:15:00,11.0
1926,2017-06-21 01:30:00,-18.5
1927,2017-06-21 01:45:00,-3.5999999999999996
1928,2017-06-21 02:00:00,-14.7
1929,2017-06-21 02:15:00,18.5
1930,2017-06-21 02:30:00,-25.8
1931,2017-06-21 02:45:00,14.6
1932,2017-06-21 03:00:00,3.7
1933,2017-06-21 03:15:00,-29.4
1934,2017-06-21 03:30:00,0.0
1935,2017-06-21 03:45:00,29.5
1936,2017-06-21 04:00:00,25.8
1937,2017-06-21 04:15:00,-3.6999999999999993
1938,2017-06-21 04:30:00,14.7
1939,2017-06-21 04:45:00,25.799999999999997
1940,2017-06-21 05:00:00,3.5999999999999996
1941,2017-06-21 05:15:00,-7.3
1942,2017-06-21 05:30:00,-11.100000000000001
1943,2017-06-21 05:45:00,-3.5999999999999996
1944,2017-06-21 06:00:00,-3.7
1945,2017-06-21 06:15:00,11.0
1946,2017-06-21 06:30:00,3.8000000000000007
1947,2017-06-21 06:45:00,-3.7
1948,2017-06-21 07:00:00,-18.4
1949,2017-06-21 07:15:00,-3.7
1950,2017-06-21 07:30:00,0.10000000000000053
1951,2017-06-21 07:45:00,0.0
1952,2017-06-21 08:00:00,-3.5999999999999996
1953,2017-06-21 08:15:00,7.4
1954,2017-06-21 08:30:00,25.799999999999997
1955,2017-06-21 08:45:00,-3.5999999999999996
1956,2017-06-21 09:00:00,-3.7
1957,2017-06-21 09:15:00,-11.0
1958,2017-06-21 09:30:00,7.3
1959,2017-06-21 09:45:00,14.7
1960,2017-06-21 10:00:00,3.7
1961,2017-06-21 10:15:00,-3.5999999999999996
1962,2017-06-21 10:30:00,-14.8
1963,2017-06-21 10:45:00,11.0
1964,2017-06-21 11:00:00,7.4
1965,2017-06-21 11:15:00,0.0
1966,2017-06-21 11:30:00,0.0
1967,2017-06-21 11:45:00,0.0
1968,2017-06-21 12:00:00,0.0
1969,2017-06-21 12:15:00,0.0
1970,2017-06-21 12:30:00,0.0
1971,2017-06-21 12:45:00,0.0
1972,2017-06-21 13:00:00,0.0
1973,2017-06-21 13:15:00,0.0
1974,2017-06-21 13:30:00,0.0
1975,2017-06-21 13:45:00,0.0
1976,2017-06-21 14:00:00,0.0
1977,2017-06-21 14:15:00,0.0
1978,2017-06-21 14:30:00,0.0
1979,2017-06-21 14:45:00,0.0
1980,2017-06-21 15:00:00,0.0
1981,2017-06-21 15:15:00,0.0
1982,2017-06-21 15:30:00,0.0
1983,2017-06-21 15:45:00,0.0
1984,2017-06-21 16:00:00,0.0
1985,2017-06-21 16:15:00,0.0
1986,2017-06-21 16:30:00,0.0
1987,2017-06-21 16:45:00,0.0
1988,2017-06-21 17:00:00,0.0
1989,2017-06-21 17:15:00,0.0
1990,2017-06-21 17:30:00,0.0
1991,2017-06-21 17:45:00,0.0
1992,2017-06-21 18:00:00,0.0
1993,2017-06-21 18:15:00,0.0
1994,2017-06-21 18:30:00,0.0
1995,2017-06-21 18:45:00,0.0
1996,2017-06-21 19:00:00,0.0
1997,2017-06-21 19:15:00,0.0
1998,2017-06-21 19:30:00,0.0
1999,2017-06-21 19:45:00,0.0
2000,2017-06-21 20:00:00,0.0
2001,2017-06-21 20:15:00,0.0
2002,2017-06-21 20:30:00,0.0
2003,2017-06-21 20:45:00,0.0
2004,2017-06-21 21:00:00,0.0
2005,2017-06-21 21:15:00,0.0
2006,2017-06-21 21:30:00,0.0
2007,2017-06-21 21:45:00,0.0
2008,2017-06-21 22:00:00,0.0
2009,2017-06-21 22:15:00,0.0
2010,2017-06-21 22:30:00,0.0
2011,2017-06-21 22:45:00,0.0
2012,2017-06-21 23:00:00,0.0
2013,2017-06-21 23:15:00,0.0
2014,2017-06-21 23:30:00,0.0
2015,2017-06-21 23:45:00,0.0
2016,2017-06-22 00:00:00,0.0
2017,2017-06-22 00:15:00,0.0
2018,2017-06-22 00:30:00,0.0
2019,2017-06-22 00:45:00,0.0
2020,2017-06-22 01:00:00,0.0
2021,2017-06-22 01:15:00,0.0
2022,2017-06-22 01:30:00,0.0
2023,2017-06-22 01:45:00,0.0
2024,2017-06-22 02:00:00,0.0
2025,2017-06-22 02:15:00,0.0
2026,2017-06-22 02:30:00,0.0
2027,2017-06-22 02:45:00,0.0
2028,2017-06-22 03:00:00,0.0
2029,2017-06-22 03:15:00,0.0
2030,2017-06-22 03:30:00,0.0
2031,2017-06-22 03:45:00,0.0
2032,2017-06-22 04:00:00,0.0
2033,2017-06-22 04:15:00,0.0
2034,2017-06-22 04:30:00,0.0
2035,2017-06-22 04:45:00,0.0
2036,2017-06-22 05:00:00,0.0
2037,2017-06-22 05:15:00,0.0
2038,2017-06-22 05:30:00,0.0
2039,2017-06-22 05:45:00,0.0
2040,2017-06-22 06:00:00,0.0
2041,2017-06-22 06:15:00,0.0
2042,2017-06-22 06:30:00,0.0
2043,2017-06-22 06:45:00,0.0
2044,2017-06-22 07:00:00,0.0
2045,2017-06-22 07:15:00,0.0
2046,2017-06-22 07:30:00,0.0
2047,2017-06-22 07:45:00,0.0
2048,2017-06-22 08:00:00,0.0
2049,2017-06-22 08:15:00,0.0
2050,2017-06-22 08:30:00,0.0
2051,2017-06-22 08:45:00,0.0
2052,2017-06-22 09:00:00,0.0
2053,2017-06-22 09:15:00,0.0
2054,2017-06-22 09:30:00,0.0
2055,2017-06-22 09:45:00,0.0
2056,2017-06-22 10:00:00,0.0
2057,2017-06-22 10:15:00,0.0
2058,2017-06-22 10:30:00,0.0
2059,2017-06-22 10:45:00,0.0
2060,2017-06-22 11:00:00,0.0
2061,2017-06-22 11:15:00,0.0
2062,2017-06-22 11:30:00,0.0
2063,2017-06-22 11:45:00,0.0
2064,2017-06-22 12:00:00,0.0
2065,2017-06-22 12:15:00,0.0
2066,2017-06-22 12:30:00,0.0
2067,2017-06-22 12:45:00,0.0
2068,2017-06-22 13:00:00,0.0
2069,2017-06-22 13:15:00,0.0
2070,2017-06-22 13:30:00,-7.4
2071,2017-06-22 13:45:00,-7.4
2072,2017-06-22 14:00:00,-11.0
2073,2017-06-22 14:15:00,-11.0
2074,2017-06-22 14:30:00,7.4
2075,2017-06-22 14:45:00,-11.0
2076,2017-06-22 15:00:00,3.7
2077,2017-06-22 15:15:00,0.0
2078,2017-06-22 15:30:00,11.0
2079,2017-06-22 15:45:00,7.4
2080,2017-06-22 16:00:00,-3.7
2081,2017-06-22 16:15:00,7.4
2082,2017-06-22 16:30:00,0.0
2083,2017-06-22 16:45:00,0.0
2084,2017-06-22 17:00:00,7.3
2085,2017-06-22 17:15:00,-18.4
2086,2017-06-22 17:30:00,-14.7
2087,2017-06-22 17:45:00,11.0
2088,2017-06-22 18:00:00,-11.0
2089,2017-06-22 18:15:00,-14.7
2090,2017-06-22 18:30:00,7.3
2091,2017-06-22 18:45:00,-3.7
2092,2017-06-22 19:00:00,-3.7
2093,2017-06-22 19:15:00,-22.0
2094,2017-06-22 19:30:00,14.7
2095,2017-06-22 19:45:00,0.0
2096,2017-06-22 20:00:00,-7.4
2097,2017-06-22 20:15:00,-7.4
2098,2017-06-22 20:30:00,-22.0
2099,2017-06-22 20:45:00,0.0
2100,2017-06-22 21:00:00,-7.3
2101,2017-06-22 21:15:00,-14.7
2102,2017-06-22 21:30:00,18.4
2103,2017-06-22 21:45:00,22.0
2104,2017-06-22 22:00:00,7.3
2105,2017-06-22 22:15:00,7.3
2106,2017-06-22 22:30:00,11.100000000000001
2107,2017-06-22 22:45:00,14.8
2108,2017-06-22 23:00:00,7.3
2109,2017-06-22 23:15:00,0.0
2110,2017-06-22 23:30:00,-3.7
2111,2017-06-22 23:45:00,18.4
2112,2017-06-23 00:00:00,7.4
2113,2017-06-23 00:15:00,22.0
2114,2017-06-23 00:30:00,14.8
2115,2017-06-23 00:45:00,-3.7
2116,2017-06-23 01:00:00,3.7
2117,2017-06-23 01:15:00,11.100000000000001
2118,2017-06-23 01:30:00,11.100000000000001
2119,2017-06-23 01:45:00,3.5999999999999996
2120,2017-06-23 02:00:00,7.3
2121,2017-06-23 02:15:00,-11.0
2122,2017-06-23 02:30:00,3.5999999999999996
2123,2017-06-23 02:45:00,7.4
2124,2017-06-23 03:00:00,-14.7
2125,2017-06-23 03:15:00,-11.0
2126,2017-06-23 03:30:00,11.100000000000001
2127,2017-06-23 03:45:00,-11.0
2128,2017-06-23 04:00:00,-7.3
2129,2017-06-23 04:15:00,11.100000000000001
2130,2017-06-23 04:30:00,14.7
2131,2017-06-23 04:45:00,14.8
2132,2017-06-23 05:00:00,-14.8
2133,2017-06-23 05:15:00,11.100000000000001
2134,2017-06-23 05:30:00,3.5999999999999996
2135,2017-06-23 05:45:00,-11.100000000000001
2136,2017-06-23 06:00:00,14.8
2137,2017-06-23 06:15:00,0.0
2138,2017-06-23 06:30:00,3.7
2139,2017-06-23 06:45:00,11.100000000000001
2140,2017-06-23 07:00:00,11.0
2141,2017-06-23 07:15:00,7.4
2142,2017-06-23 07:30:00,14.8
2143,2017-06-23 07:45:00,-22.0
2144,2017-06-23 08:00:00,0.0
2145,2017-06-23 08:15:00,22.099999999999998
2146,2017-06-23 08:30:00,25.7
2147,2017-06-23 08:45:00,-3.6999999999999993
2148,2017-06-23 09:00:00,3.5999999999999996
2149,2017-06-23 09:15:00,3.8000000000000007
2150,2017-06-23 09:30:00,25.8
2151,2017-06-23 09:45:00,0.0
2152,2017-06-23 10:00:00,14.7
2153,2017-06-23 10:15:00,7.4
2154,2017-06-23 10:30:00,7.4
2155,2017-06-23 10:45:00,11.0
2156,2017-06-23 11:00:00,-3.7
2157,2017-06-23 11:15:00,3.7
2158,2017-06-23 11:30:00,7.4
2159,2017-06-23 11:45:00,11.0
2160,2017-06-23 12:00:00,3.7
2161,2017-06-23 12:15:00,0.0
2162,2017-06-23 12:30:00,-14.7
2163,2017-06-23 12:45:00,-14.7
2164,2017-06-23 13:00:00,-11.0
2165,2017-06-23 13:15:00,-18.4
2166,2017-06-23 13:30:00,-3.7
2167,2017-06-23 13:45:00,-0.10000000000000142
2168,2017-06-23 14:00:00,-18.4
2169,2017-06-23 14:15:00,-3.6999999999999993
2170,2017-06-23 14:30:00,7.4
2171,2017-06-23 14:45:00,-33.0
2172,2017-06-23 15:00:00,-11.1
2173,2017-06-23 15:15:00,7.4
2174,2017-06-23 15:30:00,11.0
2175,2017-06-23 15:45:00,-11.100000000000001
2176,2017-06-23 16:00:00,3.5999999999999996
2177,2017-06-23 16:15:00,11.100000000000001
2178,2017-06-23 16:30:00,0.0
2179,2017-06-23 16:45:00,7.4
2180,2017-06-23 17:00:00,0.0
2181,2017-06-23 17:15:00,14.7
2182,2017-06-23 17:30:00,-3.7
2183,2017-06-23 17:45:00,-3.8000000000000007
2184,2017-06-23 18:00:00,-18.3
2185,2017-06-23 18:15:00,-18.3
2186,2017-06-23 18:30:00,-18.4
2187,2017-06-23 18:45:00,-18.5
2188,2017-06-23 19:00:00,7.4
2189,2017-06-23 19:15:00,-14.8
2190,2017-06-23 19:30:00,7.4
2191,2017-06-23 19:45:00,14.7
2192,2017-06-23 20:00:00,-11.200000000000003
2193,2017-06-23 20:15:00,-11.0
2194,2017-06-23 20:30:00,-7.3
2195,2017-06-23 20:45:00,3.6999999999999984
2196,2017-06-23 21:00:00,-14.7
2197,2017-06-23 21:15:00,-7.3
2198,2017-06-23 21:30:00,44.1
2199,2017-06-23 21:45:00,-36.800000000000004
2200,2017-06-23 22:00:00,7.3999999999999995
2201,2017-06-23 22:15:00,-22.0
2202,2017-06-23 22:30:00,25.7
2203,2017-06-23 22:45:00,-3.7
2204,2017-06-23 23:00:00,-11.000000000000002
2205,2017-06-23 23:15:00,-11.0
2206,2017-06-23 23:30:00,-7.3
2207,2017-06-23 23:45:00,7.3
2208,2017-06-24 00:00:00,-22.0
2209,2017-06-24 00:15:00,-7.199999999999999
2210,2017-06-24 00:30:00,25.6
2211,2017-06-24 00:45:00,-11.0
2212,2017-06-24 01:00:00,33.099999999999994
2213,2017-06-24 01:15:00,3.6999999999999993
2214,2017-06-24 01:30:00,18.4
2215,2017-06-24 01:45:00,25.799999999999997
2216,2017-06-24 02:00:00,7.400000000000001
2217,2017-06-24 02:15:00,11.100000000000001
2218,2017-06-24 02:30:00,-29.4
2219,2017-06-24 02:45:00,14.8
2220,2017-06-24 03:00:00,7.3
2221,2017-06-24 03:15:00,-3.5999999999999996
2222,2017-06-24 03:30:00,0.0
2223,2017-06-24 03:45:00,-22.099999999999998
2224,2017-06-24 04:00:00,-3.5999999999999996
2225,2017-06-24 04:15:00,7.4
2226,2017-06-24 04:30:00,14.7
2227,2017-06-24 04:45:00,-18.4
2228,2017-06-24 05:00:00,-18.400000000000002
2229,2017-06-24 05:15:00,3.7
2230,2017-06-24 05:30:00,0.0
2231,2017-06-24 05:45:00,0.0
2232,2017-06-24 06:00:00,-11.100000000000001
2233,2017-06-24 06:15:00,-14.8
2234,2017-06-24 06:30:00,-14.7
2235,2017-06-24 06:45:00,11.0
2236,2017-06-24 07:00:00,7.4
2237,2017-06-24 07:15:00,7.4
2238,2017-06-24 07:30:00,7.4
2239,2017-06-24 07:45:00,11.100000000000001
2240,2017-06-24 08:00:00,11.0
2241,2017-06-24 08:15:00,11.0
2242,2017-06-24 08:30:00,7.4
2243,2017-06-24 08:45:00,3.7
2244,2017-06-24 09:00:00,7.4
2245,2017-06-24 09:15:00,0.0
2246,2017-06-24 09:30:00,11.0
2247,2017-06-24 09:45:00,-3.7
2248,2017-06-24 10:00:00,-3.7
2249,2017-06-24 10:15:00,-3.7
2250,2017-06-24 10:30:00,3.7
2251,2017-06-24 10:45:00,0.0
2252,2017-06-24 11:00:00,-11.0
2253,2017-06-24 11:15:00,-3.7
2254,2017-06-24 11:30:00,7.4
2255,2017-06-24 11:45:00,-7.4
2256,2017-06-24 12:00:00,-7.4
2257,2017-06-24 12:15:00,-3.7
2258,2017-06-24 12:30:00,7.4
2259,2017-06-24 12:45:00,-7.4
2260,2017-06-24 13:00:00,3.7
2261,2017-06-24 13:15:00,-7.4
2262,2017-06-24 13:30:00,-7.4
2263,2017-06-24 13:45:00,-3.7
2264,2017-06-24 14:00:00,11.100000000000001
2265,2017-06-24 14:15:00,7.4
2266,2017-06-24 14:30:00,3.5999999999999996
2267,2017-06-24 14:45:00,-11.0
2268,2017-06-24 15:00:00,-7.399999999999999
2269,2017-06-24 15:15:00,11.0
2270,2017-06-24 15:30:00,7.400000000000001
2271,2017-06-24 15:45:00,-7.4
2272,2017-06-24 16:00:00,-7.299999999999999
2273,2017-06-24 16:15:00,-18.4
2274,2017-06-24 16:30:00,-7.4
2275,2017-06-24 16:45:00,7.4
2276,2017-06-24 17:00:00,3.5999999999999996
2277,2017-06-24 17:15:00,-25.7
2278,2017-06-24 17:30:00,3.7
2279,2017-06-24 17:45:00,0.0
2280,2017-06-24 18:00:00,3.5999999999999996
2281,2017-06-24 18:15:00,-3.7
2282,2017-06-24 18:30:00,14.7
2283,2017-06-24 18:45:00,7.3
2284,2017-06-24 19:00:00,-3.5999999999999996
2285,2017-06-24 19:15:00,-7.4
2286,2017-06-24 19:30:00,-3.7
2287,2017-06-24 19:45:00,-11.100000000000001
2288,2017-06-24 20:00:00,-18.5
2289,2017-06-24 20:15:00,-7.4
2290,2017-06-24 20:30:00,0.0
2291,2017-06-24 20:45:00,-11.100000000000001
2292,2017-06-24 21:00:00,3.5999999999999996
2293,2017-06-24 21:15:00,-18.4
2294,2017-06-24 21:30:00,7.4
2295,2017-06-24 21:45:00,7.3
2296,2017-06-24 22:00:00,0.0
2297,2017-06-24 22:15:00,7.299999999999999
2298,2017-06-24 22:30:00,-14.7
2299,2017-06-24 22:45:00,-18.5
2300,2017-06-24 23:00:00,-18.4
2301,2017-06-24 23:15:00,-14.7
2302,2017-06-24 23:30:00,-11.100000000000001
2303,2017-06-24 23:45:00,-11.100000000000001
2304,2017-06-25 00:00:00,-7.3999999999999995
2305,2017-06-25 00:15:00,-3.7
2306,2017-06-25 00:30:00,14.7
2307,2017-06-25 00:45:00,-11.100000000000001
2308,2017-06-25 01:00:00,0.0
2309,2017-06-25 01:15:00,3.5999999999999996
2310,2017-06-25 01:30:00,-11.0
2311,2017-06-25 01:45:00,-0.10000000000000053
2312,2017-06-25 02:00:00,0.0
2313,2017-06-25 02:15:00,-14.7
2314,2017-06-25 02:30:00,7.4
2315,2017-06-25 02:45:00,3.7
2316,2017-06-25 03:00:00,3.7
2317,2017-06-25 03:15:00,-11.0
2318,2017-06-25 03:30:00,3.5999999999999996
2319,2017-06-25 03:45:00,3.5999999999999996
2320,2017-06-25 04:00:00,-7.3
2321,2017-06-25 04:15:00,-7.3
2322,2017-06-25 04:30:00,-7.4
2323,2017-06-25 04:45:00,-3.7
2324,2017-06-25 05:00:00,14.8
2325,2017-06-25 05:15:00,0.0
2326,2017-06-25 05:30:00,-7.3
2327,2017-06-25 05:45:00,-7.4
2328,2017-06-25 06:00:00,-7.4
2329,2017-06-25 06:15:00,-7.4
2330,2017-06-25 06:30:00,7.4
2331,2017-06-25 06:45:00,-11.0
2332,2017-06-25 07:00:00,-3.7
2333,2017-06-25 07:15:00,-11.0
2334,2017-06-25 07:30:00,-3.7
2335,2017-06-25 07:45:00,-11.0
2336,2017-06-25 08:00:00,-7.4
2337,2017-06-25 08:15:00,0.0
2338,2017-06-25 08:30:00,0.0
2339,2017-06-25 08:45:00,0.0
2340,2017-06-25 09:00:00,0.0
2341,2017-06-25 09:15:00,11.0
2342,2017-06-25 09:30:00,0.0
2343,2017-06-25 09:45:00,-3.7
2344,2017-06-25 10:00:00,-7.4
2345,2017-06-25 10:15:00,11.0
2346,2017-06-25 10:30:00,-11.0
2347,2017-06-25 10:45:00,3.7
2348,2017-06-25 11:00:00,-3.7
2349,2017-06-25 11:15:00,3.7
2350,2017-06-25 11:30:00,-7.4
2351,2017-06-25 11:45:00,-3.7
2352,2017-06-25 12:00:00,3.7
2353,2017-06-25 12:15:00,-3.7
2354,2017-06-25 12:30:00,-7.3
2355,2017-06-25 12:45:00,3.5999999999999996
2356,2017-06-25 13:00:00,7.4
2357,2017-06-25 13:15:00,7.3
2358,2017-06-25 13:30:00,0.0
2359,2017-06-25 13:45:00,11.100000000000001
2360,2017-06-25 14:00:00,14.7
2361,2017-06-25 14:15:00,-3.7
2362,2017-06-25 14:30:00,14.7
2363,2017-06-25 14:45:00,3.5999999999999996
2364,2017-06-25 15:00:00,-14.7
2365,2017-06-25 15:15:00,-18.4
2366,2017-06-25 15:30:00,-22.0
2367,2017-06-25 15:45:00,3.7
2368,2017-06-25 16:00:00,-14.7
2369,2017-06-25 16:15:00,0.0
2370,2017-06-25 16:30:00,-22.0
2371,2017-06-25 16:45:00,-11.100000000000001
2372,2017-06-25 17:00:00,3.7
2373,2017-06-25 17:15:00,3.7
2374,2017-06-25 17:30:00,-3.7
2375,2017-06-25 17:45:00,-14.7
2376,2017-06-25 18:00:00,11.100000000000001
2377,2017-06-25 18:15:00,-3.7
2378,2017-06-25 18:30:00,-3.7
2379,2017-06-25 18:45:00,-3.5999999999999996
2380,2017-06-25 19:00:00,7.4
2381,2017-06-25 19:15:00,7.3
2382,2017-06-25 19:30:00,18.4
2383,2017-06-25 19:45:00,-7.4
2384,2017-06-25 20:00:00,14.7
2385,2017-06-25 20:15:00,-29.3
2386,2017-06-25 20:30:00,11.0
2387,2017-06-25 20:45:00,14.7
2388,2017-06-25 21:00:00,11.0
2389,2017-06-25 21:15:00,11.099999999999998
2390,2017-06-25 21:30:00,0.10000000000000053
2391,2017-06-25 21:45:00,-22.0
2392,2017-06-25 22:00:00,-7.4
2393,2017-06-25 22:15:00,-10.999999999999998
2394,2017-06-25 22:30:00,-3.6999999999999993
2395,2017-06-25 22:45:00,-18.3
2396,2017-06-25 23:00:00,3.5999999999999996
2397,2017-06-25 23:15:00,14.7
2398,2017-06-25 23:30:00,-7.300000000000001
2399,2017-06-25 23:45:00,-3.7
2400,2017-06-26 00:00:00,-3.7
2401,2017-06-26 00:15:00,7.299999999999999
2402,2017-06-26 00:30:00,18.4
2403,2017-06-26 00:45:00,7.4
2404,2017-06-26 01:00:00,-7.5
2405,2017-06-26 01:15:00,11.100000000000001
2406,2017-06-26 01:30:00,-3.700000000000001
2407,2017-06-26 01:45:00,7.500000000000001
2408,2017-06-26 02:00:00,-3.5999999999999996
2409,2017-06-26 02:15:00,-8.881784197001252e-16
2410,2017-06-26 02:30:00,8.881784197001252e-16
2411,2017-06-26 02:45:00,14.7
2412,2017-06-26 03:00:00,-3.7
2413,2017-06-26 03:15:00,3.6999999999999993
2414,2017-06-26 03:30:00,-14.7
2415,2017-06-26 03:45:00,25.799999999999997
2416,2017-06-26 04:00:00,-3.7
2417,2017-06-26 04:15:00,0.0
2418,2017-06-26 04:30:00,7.3
2419,2017-06-26 04:45:00,14.7
2420,2017-06-26 05:00:00,3.7
2421,2017-06-26 05:15:00,7.4
2422,2017-06-26 05:30:00,-14.7
2423,2017-06-26 05:45:00,-18.4
2424,2017-06-26 06:00:00,-3.5999999999999996
2425,2017-06-26 06:15:00,-14.8
2426,2017-06-26 06:30:00,11.100000000000001
2427,2017-06-26 06:45:00,-3.7
2428,2017-06-26 07:00:00,14.8
2429,2017-06-26 07:15:00,-7.3
2430,2017-06-26 07:30:00,-7.3
2431,2017-06-26 07:45:00,3.7
2432,2017-06-26 08:00:00,0.0
2433,2017-06-26 08:15:00,3.7
2434,2017-06-26 08:30:00,18.4
2435,2017-06-26 08:45:00,-14.6
2436,2017-06-26 09:00:00,-7.3
2437,2017-06-26 09:15:00,22.1
2438,2017-06-26 09:30:00,-18.4
2439,2017-06-26 09:45:00,-7.4
2440,2017-06-26 10:00:00,-14.8
2441,2017-06-26 10:15:00,7.4
2442,2017-06-26 10:30:00,14.6
2443,2017-06-26 10:45:00,0.10000000000000053
2444,2017-06-26 11:00:00,3.5999999999999996
2445,2017-06-26 11:15:00,11.100000000000001
2446,2017-06-26 11:30:00,0.10000000000000053
2447,2017-06-26 11:45:00,-11.100000000000001
2448,2017-06-26 12:00:00,22.099999999999998
2449,2017-06-26 12:15:00,14.6
2450,2017-06-26 12:30:00,-3.7
2451,2017-06-26 12:45:00,-18.4
2452,2017-06-26 13:00:00,-3.8000000000000007
2453,2017-06-26 13:15:00,7.3
2454,2017-06-26 13:30:00,-7.3
2455,2017-06-26 13:45:00,7.3
2456,2017-06-26 14:00:00,-14.7
2457,2017-06-26 14:15:00,25.7
2458,2017-06-26 14:30:00,-25.8
2459,2017-06-26 14:45:00,10.999999999999998
2460,2017-06-26 15:00:00,11.100000000000001
2461,2017-06-26 15:15:00,3.7
2462,2017-06-26 15:30:00,0.10000000000000053
2463,2017-06-26 15:45:00,14.6
2464,2017-06-26 16:00:00,11.0
2465,2017-06-26 16:15:00,22.099999999999998
2466,2017-06-26 16:30:00,-22.1
2467,2017-06-26 16:45:00,-18.3
2468,2017-06-26 17:00:00,0.0
2469,2017-06-26 17:15:00,7.4
2470,2017-06-26 17:30:00,22.099999999999998
2471,2017-06-26 17:45:00,7.3
2472,2017-06-26 18:00:00,-11.0
2473,2017-06-26 18:15:00,14.8
2474,2017-06-26 18:30:00,25.8
2475,2017-06-26 18:45:00,0.10000000000000142
2476,2017-06-26 19:00:00,-3.7
2477,2017-06-26 19:15:00,7.3
2478,2017-06-26 19:30:00,-18.4
2479,2017-06-26 19:45:00,3.7
2480,2017-06-26 20:00:00,25.800000000000004
2481,2017-06-26 20:15:00,-14.7
2482,2017-06-26 20:30:00,-22.099999999999998
2483,2017-06-26 20:45:00,-3.7
2484,2017-06-26 21:00:00,-29.4
2485,2017-06-26 21:15:00,-25.9
2486,2017-06-26 21:30:00,7.3
2487,2017-06-26 21:45:00,-14.7
2488,2017-06-26 22:00:00,-7.400000000000001
2489,2017-06-26 22:15:00,0.10000000000000142
2490,2017-06-26 22:30:00,14.8
2491,2017-06-26 22:45:00,3.700000000000001
2492,2017-06-26 23:00:00,-29.5
2493,2017-06-26 23:15:00,7.399999999999999
2494,2017-06-26 23:30:00,40.400000000000006
2495,2017-06-26 23:45:00,-14.7
2496,2017-06-27 00:00:00,-3.700000000000001
2497,2017-06-27 00:15:00,14.8
2498,2017-06-27 00:30:00,7.4
2499,2017-06-27 00:45:00,0.0
2500,2017-06-27 01:00:00,-33.0
2501,2017-06-27 01:15:00,7.3
2502,2017-06-27 01:30:00,3.5999999999999996
2503,2017-06-27 01:45:00,-11.0
2504,2017-06-27 02:00:00,-11.099999999999998
2505,2017-06-27 02:15:00,0.0
2506,2017-06-27 02:30:00,-3.700000000000001
2507,2017-06-27 02:45:00,-29.4
2508,2017-06-27 03:00:00,-7.4
2509,2017-06-27 03:15:00,18.3
2510,2017-06-27 03:30:00,3.5999999999999996
2511,2017-06-27 03:45:00,-11.100000000000001
2512,2017-06-27 04:00:00,7.4
2513,2017-06-27 04:15:00,-7.4
2514,2017-06-27 04:30:00,-3.6999999999999993
2515,2017-06-27 04:45:00,11.0
2516,2017-06-27 05:00:00,0.0
2517,2017-06-27 05:15:00,-14.6
2518,2017-06-27 05:30:00,-3.7
2519,2017-06-27 05:45:00,7.399999999999999
2520,2017-06-27 06:00:00,18.4
2521,2017-06-27 06:15:00,-11.0
2522,2017-06-27 06:30:00,-3.6999999999999993
2523,2017-06-27 06:45:00,-11.100000000000001
2524,2017-06-27 07:00:00,7.4
2525,2017-06-27 07:15:00,7.3
2526,2017-06-27 07:30:00,-7.4
2527,2017-06-27 07:45:00,-3.7
2528,2017-06-27 08:00:00,-7.4
2529,2017-06-27 08:15:00,3.5999999999999996
2530,2017-06-27 08:30:00,7.4
2531,2017-06-27 08:45:00,18.4
2532,2017-06-27 09:00:00,-14.8
2533,2017-06-27 09:15:00,-11.100000000000001
2534,2017-06-27 09:30:00,-3.7
2535,2017-06-27 09:45:00,0.0
2536,2017-06-27 10:00:00,0.0
2537,2017-06-27 10:15:00,0.0
2538,2017-06-27 10:30:00,3.7
2539,2017-06-27 10:45:00,0.0
2540,2017-06-27 11:00:00,3.7
2541,2017-06-27 11:15:00,7.4
2542,2017-06-27 11:30:00,3.7
2543,2017-06-27 11:45:00,3.7
2544,2017-06-27 12:00:00,11.0
2545,2017-06-27 12:15:00,-7.4
2546,2017-06-27 12:30:00,-11.0
2547,2017-06-27 12:45:00,3.7
2548,2017-06-27 13:00:00,-3.7
2549,2017-06-27 13:15:00,3.7
2550,2017-06-27 13:30:00,-11.0
2551,2017-06-27 13:45:00,-11.0
2552,2017-06-27 14:00:00,11.0
2553,2017-06-27 14:15:00,0.0
2554,2017-06-27 14:30:00,-11.0
2555,2017-06-27 14:45:00,7.4
2556,2017-06-27 15:00:00,11.0
2557,2017-06-27 15:15:00,11.0
2558,2017-06-27 15:30:00,0.0
2559,2017-06-27 15:45:00,-7.4
2560,2017-06-27 16:00:00,-3.7
2561,2017-06-27 16:15:00,0.0
2562,2017-06-27 16:30:00,-3.5999999999999996
2563,2017-06-27 16:45:00,-7.3
2564,2017-06-27 17:00:00,11.0
2565,2017-06-27 17:15:00,-11.0
2566,2017-06-27 17:30:00,-11.100000000000001
2567,2017-06-27 17:45:00,-7.4
2568,2017-06-27 18:00:00,0.0
2569,2017-06-27 18:15:00,3.7
2570,2017-06-27 18:30:00,-18.4
2571,2017-06-27 18:45:00,18.4
2572,2017-06-27 19:00:00,-11.100000000000001
2573,2017-06-27 19:15:00,7.4
2574,2017-06-27 19:30:00,-7.3
2575,2017-06-27 19:45:00,7.4
2576,2017-06-27 20:00:00,0.0
2577,2017-06-27 20:15:00,-18.4
2578,2017-06-27 20:30:00,-3.7
2579,2017-06-27 20:45:00,-3.7
2580,2017-06-27 21:00:00,-3.7
2581,2017-06-27 21:15:00,-11.0
2582,2017-06-27 21:30:00,-3.7
2583,2017-06-27 21:45:00,-7.3
2584,2017-06-27 22:00:00,18.4
2585,2017-06-27 22:15:00,0.0
2586,2017-06-27 22:30:00,-3.5999999999999996
2587,2017-06-27 22:45:00,-3.7
2588,2017-06-27 23:00:00,-11.0
2589,2017-06-27 23:15:00,-14.8
2590,2017-06-27 23:30:00,-11.0
2591,2017-06-27 23:45:00,7.3
2592,2017-06-28 00:00:00,11.100000000000001
2593,2017-06-28 00:15:00,-14.8
2594,2017-06-28 00:30:00,7.4
2595,2017-06-28 00:45:00,-7.3
2596,2017-06-28 01:00:00,-3.7
2597,2017-06-28 01:15:00,0.0
2598,2017-06-28 01:30:00,-7.4
2599,2017-06-28 01:45:00,0.0
2600,2017-06-28 02:00:00,0.0
2601,2017-06-28 02:15:00,0.0
2602,2017-06-28 02:30:00,3.7
2603,2017-06-28 02:45:00,3.7
2604,2017-06-28 03:00:00,3.7
2605,2017-06-28 03:15:00,7.4
2606,2017-06-28 03:30:00,-11.0
2607,2017-06-28 03:45:00,3.7
2608,2017-06-28 04:00:00,0.0
2609,2017-06-28 04:15:00,-7.4
2610,2017-06-28 04:30:00,0.0
2611,2017-06-28 04:45:00,0.0
2612,2017-06-28 05:00:00,-3.7
2613,2017-06-28 05:15:00,7.4
2614,2017-06-28 05:30:00,-3.7
2615,2017-06-28 05:45:00,-3.7
2616,2017-06-28 06:00:00,3.7
2617,2017-06-28 06:15:00,11.0
2618,2017-06-28 06:30:00,-7.4
2619,2017-06-28 06:45:00,11.0
2620,2017-06-28 07:00:00,-7.4
2621,2017-06-28 07:15:00,7.4
2622,2017-06-28 07:30:00,11.0
2623,2017-06-28 07:45:00,-11.0
2624,2017-06-28 08:00:00,0.0
2625,2017-06-28 08:15:00,3.7
2626,2017-06-28 08:30:00,0.0
2627,2017-06-28 08:45:00,0.0
2628,2017-06-28 09:00:00,0.0
2629,2017-06-28 09:15:00,3.7
2630,2017-06-28 09:30:00,0.0
2631,2017-06-28 09:45:00,0.0
2632,2017-06-28 10:00:00,0.0
2633,2017-06-28 10:15:00,0.0
2634,2017-06-28 10:30:00,0.0
2635,2017-06-28 10:45:00,0.0
2636,2017-06-28 11:00:00,0.0
2637,2017-06-28 11:15:00,0.0
2638,2017-06-28 11:30:00,0.0
2639,2017-06-28 11:45:00,0.0
2640,2017-06-28 12:00:00,0.0
2641,2017-06-28 12:15:00,0.0
2642,2017-06-28 12:30:00,0.0
2643,2017-06-28 12:45:00,0.0
2644,2017-06-28 13:00:00,0.0
2645,2017-06-28 13:15:00,0.0
2646,2017-06-28 13:30:00,0.0
2647,2017-06-28 13:45:00,0.0
2648,2017-06-28 14:00:00,0.0
2649,2017-06-28 14:15:00,0.0
2650,2017-06-28 14:30:00,0.0
2651,2017-06-28 14:45:00,0.0
2652,2017-06-28 15:00:00,0.0
2653,2017-06-28 15:15:00,11.0
2654,2017-06-28 15:30:00,3.7
2655,2017-06-28 15:45:00,-11.0
2656,2017-06-28 16:00:00,-11.0
2657,2017-06-28 16:15:00,11.0
2658,2017-06-28 16:30:00,-11.0
2659,2017-06-28 16:45:00,11.0
2660,2017-06-28 17:00:00,-11.0
2661,2017-06-28 17:15:00,0.0
2662,2017-06-28 17:30:00,-11.0
2663,2017-06-28 17:45:00,3.7
2664,2017-06-28 18:00:00,-11.0
2665,2017-06-28 18:15:00,11.0
2666,2017-06-28 18:30:00,0.0
2667,2017-06-28 18:45:00,0.0
2668,2017-06-28 19:00:00,-11.0
2669,2017-06-28 19:15:00,0.0
2670,2017-06-28 19:30:00,3.7
2671,2017-06-28 19:45:00,-11.0
2672,2017-06-28 20:00:00,-7.4
2673,2017-06-28 20:15:00,-11.0
2674,2017-06-28 20:30:00,-11.0
2675,2017-06-28 20:45:00,-7.3
2676,2017-06-28 21:00:00,-11.0
2677,2017-06-28 21:15:00,-7.3
2678,2017-06-28 21:30:00,7.4
2679,2017-06-28 21:45:00,-14.7
2680,2017-06-28 22:00:00,-7.4
2681,2017-06-28 22:15:00,-3.7
2682,2017-06-28 22:30:00,14.7
2683,2017-06-28 22:45:00,-11.0
2684,2017-06-28 23:00:00,3.5999999999999996
2685,2017-06-28 23:15:00,18.4
2686,2017-06-28 23:30:00,-7.3
2687,2017-06-28 23:45:00,3.5999999999999996
2688,2017-06-29 00:00:00,-11.0
2689,2017-06-29 00:15:00,-14.7
2690,2017-06-29 00:30:00,-14.7
2691,2017-06-29 00:45:00,-3.5999999999999996
2692,2017-06-29 01:00:00,14.7
2693,2017-06-29 01:15:00,-14.7
2694,2017-06-29 01:30:00,-11.0
2695,2017-06-29 01:45:00,14.7
2696,2017-06-29 02:00:00,-3.5999999999999996
2697,2017-06-29 02:15:00,-7.4
2698,2017-06-29 02:30:00,-7.3
2699,2017-06-29 02:45:00,-7.3
2700,2017-06-29 03:00:00,0.0
2701,2017-06-29 03:15:00,-11.0
2702,2017-06-29 03:30:00,22.0
2703,2017-06-29 03:45:00,14.8
2704,2017-06-29 04:00:00,11.100000000000001
2705,2017-06-29 04:15:00,7.4
2706,2017-06-29 04:30:00,7.4
2707,2017-06-29 04:45:00,-3.7
2708,2017-06-29 05:00:00,3.7
2709,2017-06-29 05:15:00,-11.100000000000001
2710,2017-06-29 05:30:00,-11.0
2711,2017-06-29 05:45:00,11.100000000000001
2712,2017-06-29 06:00:00,-3.5999999999999996
2713,2017-06-29 06:15:00,7.3
2714,2017-06-29 06:30:00,7.3
2715,2017-06-29 06:45:00,-11.0
2716,2017-06-29 07:00:00,3.7
2717,2017-06-29 07:15:00,7.4
2718,2017-06-29 07:30:00,0.0
2719,2017-06-29 07:45:00,-11.0
2720,2017-06-29 08:00:00,-7.4
2721,2017-06-29 08:15:00,-3.7
2722,2017-06-29 08:30:00,-7.4
2723,2017-06-29 08:45:00,-3.7
2724,2017-06-29 09:00:00,0.0
2725,2017-06-29 09:15:00,-3.7
2726,2017-06-29 09:30:00,0.0
2727,2017-06-29 09:45:00,11.0
2728,2017-06-29 10:00:00,0.0
2729,2017-06-29 10:15:00,7.4
2730,2017-06-29 10:30:00,-7.4
2731,2017-06-29 10:45:00,7.4
2732,2017-06-29 11:00:00,-3.7
2733,2017-06-29 11:15:00,-3.7
2734,2017-06-29 11:30:00,7.4
2735,2017-06-29 11:45:00,3.7
2736,2017-06-29 12:00:00,-3.7
2737,2017-06-29 12:15:00,11.0
2738,2017-06-29 12:30:00,3.7
2739,2017-06-29 12:45:00,-11.0
2740,2017-06-29 13:00:00,-7.4
2741,2017-06-29 13:15:00,7.4
2742,2017-06-29 13:30:00,3.7
2743,2017-06-29 13:45:00,-22.0
2744,2017-06-29 14:00:00,-3.5999999999999996
2745,2017-06-29 14:15:00,3.7
2746,2017-06-29 14:30:00,7.4
2747,2017-06-29 14:45:00,3.5999999999999996
2748,2017-06-29 15:00:00,-3.6999999999999993
2749,2017-06-29 15:15:00,-22.0
2750,2017-06-29 15:30:00,0.0
2751,2017-06-29 15:45:00,7.3
2752,2017-06-29 16:00:00,-11.100000000000001
2753,2017-06-29 16:15:00,-7.400000000000001
2754,2017-06-29 16:30:00,0.0
2755,2017-06-29 16:45:00,-11.0
2756,2017-06-29 17:00:00,0.0
2757,2017-06-29 17:15:00,3.7
2758,2017-06-29 17:30:00,7.4
2759,2017-06-29 17:45:00,11.0
2760,2017-06-29 18:00:00,7.4
2761,2017-06-29 18:15:00,0.0
2762,2017-06-29 18:30:00,0.0
2763,2017-06-29 18:45:00,-7.3
2764,2017-06-29 19:00:00,14.8
2765,2017-06-29 19:15:00,22.0
2766,2017-06-29 19:30:00,14.7
2767,2017-06-29 19:45:00,-3.7
2768,2017-06-29 20:00:00,-11.100000000000001
2769,2017-06-29 20:15:00,-3.7
2770,2017-06-29 20:30:00,18.4
2771,2017-06-29 20:45:00,11.0
2772,2017-06-29 21:00:00,18.4
2773,2017-06-29 21:15:00,-22.0
2774,2017-06-29 21:30:00,3.5999999999999996
2775,2017-06-29 21:45:00,3.7
2776,2017-06-29 22:00:00,0.0
2777,2017-06-29 22:15:00,0.0
2778,2017-06-29 22:30:00,-3.5999999999999996
2779,2017-06-29 22:45:00,3.5999999999999996
2780,2017-06-29 23:00:00,-11.0
2781,2017-06-29 23:15:00,18.4
2782,2017-06-29 23:30:00,-7.3
2783,2017-06-29 23:45:00,-7.3
2784,2017-06-30 00:00:00,3.5999999999999996
2785,2017-06-30 00:15:00,-11.100000000000001
2786,2017-06-30 00:30:00,-18.4
2787,2017-06-30 00:45:00,3.7
2788,2017-06-30 01:00:00,-14.8
2789,2017-06-30 01:15:00,-14.8
2790,2017-06-30 01:30:00,3.5999999999999996
2791,2017-06-30 01:45:00,-11.100000000000001
2792,2017-06-30 02:00:00,0.0
2793,2017-06-30 02:15:00,14.7
2794,2017-06-30 02:30:00,14.7
2795,2017-06-30 02:45:00,3.5999999999999996
2796,2017-06-30 03:00:00,-14.7
2797,2017-06-30 03:15:00,22.0
2798,2017-06-30 03:30:00,-11.100000000000001
2799,2017-06-30 03:45:00,-18.4
2800,2017-06-30 04:00:00,-14.8
2801,2017-06-30 04:15:00,0.0
2802,2017-06-30 04:30:00,11.0
2803,2017-06-30 04:45:00,-14.7
2804,2017-06-30 05:00:00,-3.700000000000001
2805,2017-06-30 05:15:00,3.7
2806,2017-06-30 05:30:00,11.0
2807,2017-06-30 05:45:00,3.5999999999999996
2808,2017-06-30 06:00:00,-7.3
2809,2017-06-30 06:15:00,3.5999999999999996
2810,2017-06-30 06:30:00,-7.4
2811,2017-06-30 06:45:00,7.4
2812,2017-06-30 07:00:00,7.4
2813,2017-06-30 07:15:00,11.0
2814,2017-06-30 07:30:00,0.0
2815,2017-06-30 07:45:00,7.4
2816,2017-06-30 08:00:00,-3.7
2817,2017-06-30 08:15:00,7.4
2818,2017-06-30 08:30:00,-7.4
2819,2017-06-30 08:45:00,-3.7
2820,2017-06-30 09:00:00,0.0
2821,2017-06-30 09:15:00,0.0
2822,2017-06-30 09:30:00,0.0
2823,2017-06-30 09:45:00,0.0
2824,2017-06-30 10:00:00,0.0
2825,2017-06-30 10:15:00,0.0
2826,2017-06-30 10:30:00,0.0
2827,2017-06-30 10:45:00,0.0
2828,2017-06-30 11:00:00,0.0
2829,2017-06-30 11:15:00,0.0
2830,2017-06-30 11:30:00,0.0
2831,2017-06-30 11:45:00,0.0
2832,2017-06-30 12:00:00,0.0
2833,2017-06-30 12:15:00,0.0
2834,2017-06-30 12:30:00,0.0
2835,2017-06-30 12:45:00,0.0
2836,2017-06-30 13:00:00,0.0
2837,2017-06-30 13:15:00,0.0
2838,2017-06-30 13:30:00,0.0
2839,2017-06-30 13:45:00,0.0
2840,2017-06-30 14:00:00,0.0
2841,2017-06-30 14:15:00,0.0
2842,2017-06-30 14:30:00,0.0
2843,2017-06-30 14:45:00,0.0
2844,2017-06-30 15:00:00,0.0
2845,2017-06-30 15:15:00,0.0
2846,2017-06-30 15:30:00,0.0
2847,2017-06-30 15:45:00,0.0
2848,2017-06-30 16:00:00,0.0
2849,2017-06-30 16:15:00,0.0
2850,2017-06-30 16:30:00,0.0
2851,2017-06-30 16:45:00,-11.0
2852,2017-06-30 17:00:00,-3.7
2853,2017-06-30 17:15:00,-7.4
2854,2017-06-30 17:30:00,11.0
2855,2017-06-30 17:45:00,-3.7
2856,2017-06-30 18:00:00,11.0
2857,2017-06-30 18:15:00,11.0
2858,2017-06-30 18:30:00,0.0
2859,2017-06-30 18:45:00,3.7
2860,2017-06-30 19:00:00,-3.5999999999999996
2861,2017-06-30 19:15:00,-3.7
2862,2017-06-30 19:30:00,11.0
2863,2017-06-30 19:45:00,3.7
2864,2017-06-30 20:00:00,-14.8
2865,2017-06-30 20:15:00,7.3
2866,2017-06-30 20:30:00,14.7
2867,2017-06-30 20:45:00,-7.4
2868,2017-06-30 21:00:00,14.8
2869,2017-06-30 21:15:00,7.4
2870,2017-06-30 21:30:00,11.0
2871,2017-06-30 21:45:00,-11.0
2872,2017-06-30 22:00:00,-7.3
2873,2017-06-30 22:15:00,18.4
2874,2017-06-30 22:30:00,3.5999999999999996
2875,2017-06-30 22:45:00,7.3
2876,2017-06-30 23:00:00,22.0
2877,2017-06-30 23:15:00,-7.3
2878,2017-06-30 23:30:00,0.0
2879,2017-06-30 23:45:00,-3.7
2880,2017-07-01 00:00:00,7.3
